,SUBDIVISION,YEAR,JAN,FEB,MAR,APR,MAY,JUN,JUL,AUG,SEP,OCT,NOV,DEC,ANNUAL,Jan-Feb,Mar-May,June-September,Oct-Dec,Latitude,Longitude,flood,avgjune,sub
0,Konkan & Goa,1901,5.6,0.1,0.4,35.7,19.9,746.1,1075.5,748.0,117.4,38.6,5.4,0.1,2792.8,5.7,56.0,2687.0,44.1,15.30045,74.08551,0,248.70000000000002,726.2
1,Konkan & Goa,1902,0.3,0.0,0.0,0.4,7.6,428.2,943.6,515.1,613.8,74.3,42.7,48.0,2674.0,0.3,8.0,2500.7,165.0,15.30045,74.08551,0,142.73333333333332,420.59999999999997
2,Konkan & Goa,1903,0.0,0.0,0.1,0.0,201.1,470.5,1298.6,673.9,285.1,140.8,12.4,1.7,3084.2,0.0,201.2,2728.1,154.9,15.30045,74.08551,0,156.83333333333334,269.4
3,Konkan & Goa,1904,0.0,0.1,6.6,6.3,4.6,975.8,771.7,321.3,217.0,90.3,0.0,0.0,2393.7,0.1,17.5,2285.8,90.3,15.30045,74.08551,0,325.26666666666665,971.1999999999999
4,Konkan & Goa,1905,0.1,0.1,0.0,0.4,8.6,293.7,770.6,305.5,208.3,83.5,12.1,0.0,1682.9,0.2,9.0,1578.1,95.6,15.30045,74.08551,0,97.89999999999999,285.09999999999997
5,Konkan & Goa,1906,5.0,0.9,0.0,0.0,2.9,547.4,1090.9,506.7,222.5,31.6,10.2,0.7,2418.8,5.9,2.9,2367.5,42.5,15.30045,74.08551,0,182.46666666666667,544.5
6,Konkan & Goa,1907,1.7,1.0,0.0,20.1,0.0,583.1,1170.9,811.5,164.0,11.4,1.9,0.9,2766.5,2.7,20.1,2729.5,14.2,15.30045,74.08551,0,194.36666666666667,583.1
7,Konkan & Goa,1908,0.9,1.1,0.0,2.3,1.0,440.0,1391.8,649.8,222.4,24.6,1.6,0.0,2735.5,2.0,3.3,2704.0,26.2,15.30045,74.08551,0,146.66666666666666,439.0
8,Konkan & Goa,1909,0.1,0.0,0.1,0.3,7.8,759.5,1301.8,381.5,384.4,17.5,7.4,0.1,2860.5,0.1,8.2,2827.2,25.0,15.30045,74.08551,0,253.16666666666666,751.7
9,Konkan & Goa,1910,0.0,0.0,0.3,0.0,2.6,832.4,407.8,763.2,374.6,121.4,41.7,0.0,2544.0,0.0,2.9,2378.0,163.1,15.30045,74.08551,0,277.46666666666664,829.8
10,Konkan & Goa,1911,0.2,0.0,3.2,0.0,17.1,543.6,585.6,750.3,175.5,34.2,21.4,3.6,2134.7,0.2,20.3,2055.0,59.2,15.30045,74.08551,0,181.20000000000002,526.5
11,Konkan & Goa,1912,0.0,0.0,0.0,4.1,28.9,671.0,1242.9,541.7,135.2,71.9,97.5,0.0,2793.2,0.0,33.0,2590.8,169.4,15.30045,74.08551,0,223.66666666666666,642.1
12,Konkan & Goa,1913,0.0,0.0,0.0,1.3,18.7,897.9,1074.3,321.8,194.4,107.5,1.6,0.0,2617.5,0.0,20.0,2488.4,109.1,15.30045,74.08551,0,299.3,879.1999999999999
13,Konkan & Goa,1914,0.0,0.8,0.0,0.8,1.6,706.9,1370.3,797.6,549.9,21.9,11.2,3.6,3464.6,0.8,2.4,3424.7,36.7,15.30045,74.08551,1,235.63333333333333,705.3
14,Konkan & Goa,1915,0.0,4.7,5.9,10.2,7.7,845.1,734.4,355.1,412.2,137.4,12.8,0.3,2525.8,4.7,23.8,2346.8,150.5,15.30045,74.08551,0,281.7,837.4
15,Konkan & Goa,1916,0.0,0.0,0.0,2.4,39.9,832.7,765.6,851.1,620.1,204.7,86.1,0.0,3402.6,0.0,42.3,3069.5,290.8,15.30045,74.08551,1,277.56666666666666,792.8000000000001
16,Konkan & Goa,1917,0.0,18.4,1.2,0.3,17.5,807.6,675.1,902.5,567.7,408.0,32.6,0.0,3430.9,18.4,19.0,2952.9,440.6,15.30045,74.08551,0,269.2,790.1
17,Konkan & Goa,1918,0.1,0.0,3.3,0.1,345.4,334.1,424.7,578.1,123.6,5.8,52.0,0.0,1867.2,0.1,348.8,1460.5,57.8,15.30045,74.08551,0,111.36666666666667,11.299999999999955
18,Konkan & Goa,1919,2.5,0.0,0.0,0.0,9.6,643.6,1120.2,643.5,276.8,124.5,20.6,10.5,2851.8,2.5,9.6,2684.1,155.6,15.30045,74.08551,0,214.53333333333333,634.0
19,Konkan & Goa,1920,14.0,1.2,0.0,12.0,5.1,424.9,824.0,360.8,226.7,52.4,2.9,0.0,1924.0,15.2,17.1,1836.4,55.3,15.30045,74.08551,0,141.63333333333333,419.79999999999995
20,Konkan & Goa,1921,0.3,0.0,0.1,4.8,0.0,658.1,1102.5,611.8,450.4,57.5,13.7,0.0,2899.2,0.3,4.9,2822.8,71.2,15.30045,74.08551,0,219.36666666666667,658.1
21,Konkan & Goa,1922,0.0,0.0,0.0,6.3,13.4,774.3,1290.6,339.3,261.1,41.4,90.0,1.2,2817.6,0.0,19.7,2665.3,132.6,15.30045,74.08551,0,258.09999999999997,760.9
22,Konkan & Goa,1923,0.0,0.5,4.7,1.3,7.8,259.4,1643.9,480.7,363.7,8.3,0.1,0.0,2770.4,0.5,13.8,2747.7,8.4,15.30045,74.08551,0,86.46666666666665,251.59999999999997
23,Konkan & Goa,1924,0.0,0.0,0.1,0.1,0.4,522.5,932.2,641.7,324.4,19.0,3.8,0.0,2444.2,0.0,0.6,2420.8,22.8,15.30045,74.08551,0,174.16666666666666,522.1
24,Konkan & Goa,1925,0.1,0.0,7.4,5.2,121.0,800.9,655.5,501.5,120.4,74.6,18.6,0.0,2305.2,0.1,133.6,2078.3,93.2,15.30045,74.08551,0,266.96666666666664,679.9
25,Konkan & Goa,1926,31.8,0.0,0.0,0.0,1.5,306.1,1203.6,1149.6,432.9,39.2,1.1,0.0,3165.8,31.8,1.5,3092.2,40.3,15.30045,74.08551,1,102.03333333333335,304.6
26,Konkan & Goa,1927,0.0,0.2,0.2,0.0,5.5,785.6,1030.3,416.6,240.9,178.8,87.3,1.6,2747.0,0.2,5.7,2473.4,267.7,15.30045,74.08551,0,261.8666666666667,780.1
27,Konkan & Goa,1928,0.0,1.3,0.2,3.1,1.1,657.0,1159.4,939.9,264.5,137.9,7.7,0.4,3172.5,1.3,4.4,3020.8,146.0,15.30045,74.08551,1,219.0,655.9
28,Konkan & Goa,1929,1.0,0.0,3.2,14.9,6.2,773.8,767.6,516.0,250.9,152.4,11.2,12.1,2509.3,1.0,24.3,2308.3,175.7,15.30045,74.08551,0,257.93333333333334,767.5999999999999
29,Konkan & Goa,1930,0.0,0.2,0.1,0.3,12.5,1024.9,690.5,427.3,542.6,136.2,10.6,0.6,2845.8,0.2,12.9,2685.3,147.4,15.30045,74.08551,0,341.6333333333334,1012.4000000000001
30,Konkan & Goa,1931,0.0,0.0,0.1,1.7,1.8,344.9,1867.2,944.9,307.1,458.9,51.5,21.2,3999.3,0.0,3.6,3464.1,531.6,15.30045,74.08551,1,114.96666666666665,343.09999999999997
31,Konkan & Goa,1932,0.5,0.0,0.0,2.9,45.9,435.3,1248.1,485.6,456.2,259.1,21.1,8.2,2962.9,0.5,48.8,2625.2,288.4,15.30045,74.08551,0,145.1,389.40000000000003
32,Konkan & Goa,1933,0.0,0.1,1.6,15.3,129.2,816.5,909.0,758.6,485.8,179.7,19.2,28.4,3343.4,0.1,146.1,2969.9,227.3,15.30045,74.08551,0,272.1666666666667,687.3
33,Konkan & Goa,1934,0.7,0.0,0.3,2.7,0.7,1060.2,893.0,870.7,329.7,60.3,53.5,0.5,3272.3,0.7,3.7,3153.6,114.3,15.30045,74.08551,1,353.40000000000003,1059.5
34,Konkan & Goa,1935,0.2,0.1,0.0,0.0,0.0,700.3,879.9,466.5,419.7,64.3,11.0,0.6,2542.6,0.3,0.0,2466.4,75.9,15.30045,74.08551,0,233.4333333333333,700.3
35,Konkan & Goa,1936,0.0,0.0,0.1,0.3,23.2,993.2,712.9,534.9,376.2,62.1,79.1,1.3,2783.3,0.0,23.6,2617.2,142.5,15.30045,74.08551,0,331.06666666666666,970.0
36,Konkan & Goa,1937,0.0,4.0,0.1,53.5,2.4,826.9,1492.9,270.1,378.1,159.2,4.0,0.7,3191.9,4.0,56.0,2968.0,163.9,15.30045,74.08551,0,275.6333333333333,824.5
37,Konkan & Goa,1938,0.0,0.4,4.0,2.1,55.2,1118.1,908.2,634.8,345.6,400.0,27.0,0.1,3495.5,0.4,61.3,3006.7,427.1,15.30045,74.08551,1,372.7,1062.8999999999999
38,Konkan & Goa,1939,0.2,0.0,0.4,5.8,0.1,509.6,1116.8,817.1,227.9,58.0,22.7,0.0,2758.6,0.2,6.3,2671.4,80.7,15.30045,74.08551,0,169.86666666666667,509.5
39,Konkan & Goa,1940,4.8,6.1,2.8,1.9,7.9,668.3,1105.9,987.1,328.9,172.7,26.7,0.6,3313.7,10.9,12.6,3090.2,200.0,15.30045,74.08551,1,222.76666666666665,660.4
40,Konkan & Goa,1941,17.1,0.2,0.1,1.0,5.1,602.7,718.0,282.0,194.6,61.4,0.2,7.3,1889.7,17.3,6.2,1797.3,68.9,15.30045,74.08551,0,200.9,597.6
41,Konkan & Goa,1942,0.0,0.0,0.0,3.3,2.6,987.6,1386.3,536.7,312.0,37.1,1.4,12.4,3279.4,0.0,5.9,3222.6,50.9,15.30045,74.08551,1,329.2,985.0
42,Konkan & Goa,1943,3.6,0.0,0.1,0.0,200.0,788.0,1313.1,281.8,468.4,168.4,27.8,0.0,3251.2,3.6,200.1,2851.3,196.2,15.30045,74.08551,0,262.6666666666667,588.0
43,Konkan & Goa,1944,0.1,0.0,0.7,0.0,17.5,542.5,1456.0,658.6,85.7,177.0,14.1,0.0,2952.2,0.1,18.2,2742.8,191.1,15.30045,74.08551,0,180.83333333333334,525.0
44,Konkan & Goa,1945,8.8,0.0,0.0,0.9,1.1,733.2,1394.2,709.4,348.4,44.9,3.6,0.0,3244.5,8.8,2.0,3185.2,48.5,15.30045,74.08551,1,244.4,732.1
45,Konkan & Goa,1946,0.0,0.0,0.0,14.4,30.0,787.9,1085.7,878.9,334.0,47.3,170.4,10.4,3359.0,0.0,44.4,3086.5,228.1,15.30045,74.08551,1,262.6333333333333,757.9
46,Konkan & Goa,1947,4.9,0.0,5.8,67.3,7.5,398.3,1133.9,919.2,497.5,50.8,2.0,2.9,3090.1,4.9,80.6,2948.9,55.7,15.30045,74.08551,0,132.76666666666668,390.8
47,Konkan & Goa,1948,10.5,0.0,0.2,2.3,7.2,599.3,1080.4,797.3,376.6,77.7,168.1,0.0,3119.6,10.5,9.7,2853.6,245.8,15.30045,74.08551,0,199.76666666666665,592.0999999999999
48,Konkan & Goa,1949,0.2,0.0,0.1,1.3,128.9,442.2,1147.3,594.7,782.3,108.3,8.4,0.0,3213.7,0.2,130.3,2966.5,116.7,15.30045,74.08551,0,147.4,313.29999999999995
49,Konkan & Goa,1950,0.0,0.0,0.2,0.2,21.3,364.1,1336.1,302.6,777.5,119.1,8.1,0.0,2929.2,0.0,21.7,2780.3,127.2,15.30045,74.08551,0,121.36666666666667,342.8
50,Konkan & Goa,1951,0.0,0.0,2.5,9.8,22.7,730.4,1114.7,507.6,129.0,296.3,36.3,0.0,2849.3,0.0,35.0,2481.7,332.6,15.30045,74.08551,0,243.46666666666667,707.6999999999999
51,Konkan & Goa,1952,0.0,0.0,0.0,2.8,23.5,729.4,1013.1,512.3,87.5,151.5,0.0,1.8,2521.9,0.0,26.3,2342.3,153.3,15.30045,74.08551,0,243.13333333333333,705.9
52,Konkan & Goa,1953,0.0,0.0,0.0,15.4,0.0,910.3,1321.9,713.3,210.5,156.1,0.2,0.0,3327.7,0.0,15.4,3156.0,156.3,15.30045,74.08551,1,303.43333333333334,910.3
53,Konkan & Goa,1954,0.0,2.4,3.5,7.2,3.9,581.5,1470.8,912.8,750.7,48.9,0.1,8.6,3790.4,2.4,14.6,3715.8,57.6,15.30045,74.08551,1,193.83333333333334,577.6
54,Konkan & Goa,1955,0.2,0.0,2.2,11.6,34.2,779.2,995.9,1299.8,463.0,297.1,14.2,0.0,3897.4,0.2,48.0,3537.9,311.3,15.30045,74.08551,1,259.73333333333335,745.0
55,Konkan & Goa,1956,0.0,0.3,0.0,5.8,176.4,780.2,1325.8,700.8,433.4,195.0,46.0,0.0,3663.7,0.3,182.2,3240.2,241.0,15.30045,74.08551,1,260.06666666666666,603.8000000000001
56,Konkan & Goa,1957,0.0,0.0,0.0,1.7,30.6,593.8,1175.0,1051.7,130.6,86.6,52.9,0.6,3123.5,0.0,32.3,2951.1,140.1,15.30045,74.08551,0,197.9333333333333,563.1999999999999
57,Konkan & Goa,1958,0.2,0.1,0.2,9.0,34.8,1044.5,1280.2,1177.9,383.7,54.8,14.7,0.2,4000.3,0.3,44.0,3886.3,69.7,15.30045,74.08551,1,348.1666666666667,1009.7
58,Konkan & Goa,1959,0.0,0.0,0.0,6.0,36.2,750.1,1357.1,690.9,521.8,201.4,24.8,0.3,3588.6,0.0,42.2,3319.9,226.5,15.30045,74.08551,1,250.03333333333333,713.9
59,Konkan & Goa,1960,0.0,0.0,0.0,1.1,81.0,920.1,1140.9,501.8,285.1,82.0,15.3,0.5,3027.8,0.0,82.1,2847.9,97.8,15.30045,74.08551,0,306.7,839.1
60,Konkan & Goa,1961,0.0,5.2,0.0,2.3,182.2,738.0,1543.3,712.6,486.1,248.9,2.4,0.0,3921.0,5.2,184.5,3480.0,251.3,15.30045,74.08551,1,246.0,555.8
61,Konkan & Goa,1962,0.2,0.0,0.1,0.7,129.5,435.5,1355.1,880.4,525.9,48.8,12.8,96.2,3485.2,0.2,130.3,3196.9,157.8,15.30045,74.08551,1,145.16666666666666,306.0
62,Konkan & Goa,1963,0.0,0.1,0.1,1.1,7.6,594.5,1178.8,1414.7,306.3,91.9,11.7,0.0,3606.8,0.1,8.8,3494.3,103.6,15.30045,74.08551,1,198.16666666666666,586.9
63,Konkan & Goa,1964,0.0,0.0,0.0,0.9,5.2,690.3,908.3,1031.8,378.9,158.0,18.9,0.4,3192.7,0.0,6.1,3009.3,177.3,15.30045,74.08551,1,230.1,685.0999999999999
64,Konkan & Goa,1965,3.4,0.0,0.0,5.7,0.1,817.6,1393.7,608.8,147.5,8.9,2.2,83.7,3071.6,3.4,5.8,2967.6,94.8,15.30045,74.08551,0,272.53333333333336,817.5
65,Konkan & Goa,1966,0.0,0.0,0.0,0.2,64.7,370.0,1168.8,224.1,443.5,43.9,111.3,1.1,2427.6,0.0,64.9,2206.4,156.3,15.30045,74.08551,0,123.33333333333333,305.3
66,Konkan & Goa,1967,0.0,0.0,7.7,0.8,7.5,768.9,1109.2,416.9,317.1,109.6,0.7,14.0,2752.4,0.0,16.0,2612.1,124.3,15.30045,74.08551,0,256.3,761.4
67,Konkan & Goa,1968,0.0,0.3,0.1,6.0,1.5,556.9,1134.7,318.7,202.1,130.4,8.6,0.0,2359.3,0.3,7.6,2212.4,139.0,15.30045,74.08551,0,185.63333333333333,555.4
68,Konkan & Goa,1969,0.0,0.0,0.0,1.1,2.4,666.5,1282.2,527.1,586.0,37.9,23.2,0.9,3127.3,0.0,3.5,3061.8,62.0,15.30045,74.08551,1,222.16666666666666,664.1
69,Konkan & Goa,1970,0.0,0.0,0.0,1.5,74.5,963.3,993.8,1164.8,312.7,85.8,0.0,0.2,3596.6,0.0,76.0,3434.6,86.0,15.30045,74.08551,1,321.09999999999997,888.8
70,Konkan & Goa,1971,0.0,0.0,0.0,0.3,85.1,1011.9,650.8,602.0,362.6,40.4,0.9,0.0,2754.0,0.0,85.4,2627.3,41.3,15.30045,74.08551,0,337.3,926.8
71,Konkan & Goa,1972,0.0,0.1,0.0,0.6,10.7,662.0,731.6,293.9,138.8,8.5,26.8,0.0,1873.0,0.1,11.3,1826.3,35.3,15.30045,74.08551,0,220.66666666666666,651.3
72,Konkan & Goa,1973,0.0,0.4,0.0,0.0,3.1,455.9,922.1,910.6,437.4,103.6,2.9,0.2,2836.2,0.4,3.1,2726.0,106.7,15.30045,74.08551,0,151.96666666666667,452.79999999999995
73,Konkan & Goa,1974,0.7,0.0,0.0,6.8,73.9,508.2,1133.0,774.4,351.1,238.6,0.0,0.0,3086.7,0.7,80.7,2766.7,238.6,15.30045,74.08551,0,169.4,434.29999999999995
74,Konkan & Goa,1975,0.0,0.1,0.0,1.0,13.6,856.9,1027.0,848.0,556.0,192.7,20.2,0.0,3515.5,0.1,14.6,3287.9,212.9,15.30045,74.08551,1,285.6333333333333,843.3
75,Konkan & Goa,1976,0.0,0.0,1.6,0.4,4.5,635.1,1279.2,690.1,360.7,20.3,71.0,0.0,3062.9,0.0,6.5,2965.1,91.3,15.30045,74.08551,0,211.70000000000002,630.6
76,Konkan & Goa,1977,0.0,0.0,0.8,1.3,10.3,583.0,1384.6,580.5,386.9,77.0,78.8,0.2,3103.4,0.0,12.4,2935.0,156.0,15.30045,74.08551,0,194.33333333333334,572.7
77,Konkan & Goa,1978,0.0,0.0,0.0,8.3,86.6,946.2,907.2,575.4,243.0,67.2,48.8,2.8,2885.5,0.0,94.9,2671.8,118.8,15.30045,74.08551,0,315.40000000000003,859.6
78,Konkan & Goa,1979,0.0,0.7,0.1,0.0,0.3,653.1,797.2,687.2,266.5,26.8,77.3,0.0,2509.2,0.7,0.4,2404.0,104.1,15.30045,74.08551,0,217.70000000000002,652.8000000000001
79,Konkan & Goa,1980,0.0,0.0,0.0,3.5,2.9,877.7,749.9,851.8,166.4,20.7,26.1,25.2,2724.2,0.0,6.4,2645.8,72.0,15.30045,74.08551,0,292.56666666666666,874.8000000000001
80,Konkan & Goa,1981,0.6,0.0,0.0,0.1,4.2,773.9,1073.0,708.6,480.6,59.1,24.5,0.1,3124.7,0.6,4.3,3036.1,83.7,15.30045,74.08551,1,257.96666666666664,769.6999999999999
81,Konkan & Goa,1982,0.0,0.0,0.0,0.0,14.5,558.4,987.1,810.8,216.3,42.1,69.6,0.0,2698.8,0.0,14.5,2572.6,111.7,15.30045,74.08551,0,186.13333333333333,543.9
82,Konkan & Goa,1983,0.0,0.0,0.0,0.3,0.4,655.3,1073.2,1331.2,638.8,102.4,9.7,3.2,3814.5,0.0,0.7,3698.5,115.3,15.30045,74.08551,1,218.4333333333333,654.9
83,Konkan & Goa,1984,0.0,0.2,0.1,0.9,0.3,728.0,1090.5,421.4,220.5,118.7,2.9,0.3,2583.8,0.2,1.3,2460.4,121.9,15.30045,74.08551,0,242.66666666666666,727.7
84,Konkan & Goa,1985,0.0,0.0,0.0,0.4,23.3,1000.0,921.3,663.1,153.1,204.8,2.5,0.0,2968.5,0.0,23.7,2737.5,207.3,15.30045,74.08551,0,333.3333333333333,976.7
85,Konkan & Goa,1986,0.0,0.0,0.0,0.1,1.0,777.2,543.2,670.9,65.0,15.6,53.6,1.0,2127.6,0.0,1.1,2056.3,70.2,15.30045,74.08551,0,259.06666666666666,776.2
86,Konkan & Goa,1987,0.0,0.0,0.0,0.6,9.0,612.0,832.2,835.6,149.3,166.8,20.2,9.3,2635.0,0.0,9.6,2429.1,196.3,15.30045,74.08551,0,204.0,603.0
87,Konkan & Goa,1988,0.0,0.0,0.0,4.3,1.3,506.1,1432.1,664.4,617.9,66.9,0.0,0.0,3293.0,0.0,5.6,3220.5,66.9,15.30045,74.08551,1,168.70000000000002,504.8
88,Konkan & Goa,1989,0.0,0.0,0.6,1.0,4.0,733.1,943.0,704.9,300.5,80.7,3.6,0.0,2771.4,0.0,5.6,2681.5,84.3,15.30045,74.08551,0,244.36666666666667,729.1
89,Konkan & Goa,1990,0.0,0.0,0.1,0.0,193.9,802.1,873.7,1164.2,323.2,190.0,20.8,0.0,3568.0,0.0,194.0,3163.2,210.8,15.30045,74.08551,1,267.3666666666667,608.2
90,Konkan & Goa,1991,0.0,0.0,0.0,6.4,14.7,759.2,1461.4,598.8,92.7,20.3,0.8,0.3,2954.6,0.0,21.1,2912.1,21.4,15.30045,74.08551,0,253.0666666666667,744.5
91,Konkan & Goa,1992,0.0,0.0,0.0,0.0,6.2,493.0,822.9,1093.1,343.4,79.0,2.8,0.0,2840.4,0.0,6.2,2752.4,81.8,15.30045,74.08551,0,164.33333333333334,486.8
92,Konkan & Goa,1993,0.0,0.0,0.6,0.1,11.4,587.7,1394.1,648.7,597.2,227.6,9.4,4.0,3480.8,0.0,12.1,3227.7,241.0,15.30045,74.08551,1,195.9,576.3000000000001
93,Konkan & Goa,1994,1.3,0.0,0.0,12.5,11.7,784.8,1168.5,654.4,406.5,137.9,2.2,0.0,3179.8,1.3,24.2,3014.2,140.1,15.30045,74.08551,1,261.59999999999997,773.0999999999999
94,Konkan & Goa,1995,3.5,0.0,0.0,3.3,15.3,345.9,1171.2,606.5,419.5,196.5,4.4,0.0,2766.1,3.5,18.6,2543.1,200.9,15.30045,74.08551,0,115.3,330.59999999999997
95,Konkan & Goa,1996,0.1,0.0,0.0,0.6,1.4,535.7,1232.0,594.6,308.4,245.9,1.2,0.9,2920.8,0.1,2.0,2670.7,248.0,15.30045,74.08551,0,178.5666666666667,534.3000000000001
96,Konkan & Goa,1997,2.6,0.0,0.8,1.8,0.2,757.9,1072.6,847.6,215.2,21.8,47.1,59.6,3027.2,2.6,2.8,2893.3,128.5,15.30045,74.08551,0,252.63333333333333,757.6999999999999
97,Konkan & Goa,1998,0.0,0.0,0.0,0.0,9.7,671.3,909.1,758.3,561.8,280.0,44.3,0.1,3234.6,0.0,9.7,2900.5,324.4,15.30045,74.08551,0,223.76666666666665,661.5999999999999
98,Konkan & Goa,1999,0.0,0.0,0.0,0.0,67.1,978.7,1105.1,283.7,297.1,179.7,0.7,0.0,2912.1,0.0,67.1,2664.6,180.4,15.30045,74.08551,0,326.23333333333335,911.6
99,Konkan & Goa,2000,1.2,0.0,0.0,0.9,190.3,739.4,1200.4,789.5,111.9,91.8,1.6,6.2,3133.2,1.2,191.2,2841.2,99.6,15.30045,74.08551,0,246.46666666666667,549.0999999999999
100,Konkan & Goa,2001,5.6,0.0,0.0,2.8,59.6,540.1,873.4,611.3,207.9,91.6,3.1,0.0,2395.4,5.6,62.4,2232.7,94.7,15.30045,74.08551,0,180.03333333333333,480.5
101,Konkan & Goa,2002,0.0,0.0,0.1,2.8,9.4,942.0,452.8,834.5,217.1,75.3,3.0,0.3,2537.3,0.0,12.3,2446.4,78.6,15.30045,74.08551,0,314.0,932.6
102,Konkan & Goa,2003,0.5,0.6,0.8,1.2,11.2,865.3,1013.9,593.7,298.7,54.4,1.9,0.0,2842.2,1.1,13.2,2771.6,56.3,15.30045,74.08551,0,288.43333333333334,854.0999999999999
103,Konkan & Goa,2004,0.0,0.0,0.0,10.4,46.9,678.6,902.3,1011.5,293.3,32.9,10.2,0.0,2986.1,0.0,57.3,2885.7,43.1,15.30045,74.08551,0,226.20000000000002,631.7
104,Konkan & Goa,2005,1.3,0.1,1.9,4.0,9.8,730.2,1340.9,772.2,678.8,76.5,0.0,0.1,3615.8,1.4,15.7,3522.1,76.6,15.30045,74.08551,1,243.4,720.4000000000001
105,Konkan & Goa,2006,0.0,0.0,9.9,0.0,211.8,683.1,1066.2,886.4,399.9,202.4,22.5,0.0,3482.2,0.0,221.7,3035.6,224.9,15.30045,74.08551,1,227.70000000000002,471.3
106,Konkan & Goa,2007,0.0,0.0,0.1,3.3,33.4,939.3,841.3,980.2,609.0,45.6,16.0,0.1,3468.3,0.0,36.8,3369.8,61.7,15.30045,74.08551,1,313.09999999999997,905.9
107,Konkan & Goa,2008,0.0,0.1,31.5,0.3,11.1,798.5,766.6,833.1,551.2,57.3,0.9,2.4,3053.0,0.1,42.9,2949.4,60.6,15.30045,74.08551,0,266.1666666666667,787.4
108,Konkan & Goa,2009,0.0,0.0,0.3,0.1,5.6,330.6,1271.2,292.9,387.5,307.4,121.0,0.0,2716.6,0.0,6.0,2282.2,428.4,15.30045,74.08551,0,110.2,325.0
109,Konkan & Goa,2010,2.7,0.0,0.0,1.5,8.2,680.8,1405.3,850.0,531.3,190.2,106.7,1.4,3778.1,2.7,9.7,3467.4,298.3,15.30045,74.08551,1,226.9333333333333,672.5999999999999
110,Konkan & Goa,2011,0.0,0.0,0.0,3.4,1.1,857.0,1384.1,987.9,468.3,120.3,3.1,0.0,3825.2,0.0,4.5,3697.3,123.4,15.30045,74.08551,1,285.6666666666667,855.9
111,Konkan & Goa,2012,0.0,0.0,0.0,0.6,1.1,633.0,928.5,762.5,515.3,175.1,2.3,0.0,3018.4,0.0,1.7,2839.3,177.4,15.30045,74.08551,0,211.0,631.9
112,Konkan & Goa,2013,1.8,5.4,0.1,0.1,18.5,1028.3,1478.5,497.6,340.7,149.3,2.1,1.5,3523.9,7.2,18.7,3345.1,152.9,15.30045,74.08551,1,342.76666666666665,1009.8
113,Konkan & Goa,2014,1.3,5.3,1.8,0.7,21.3,238.2,1293.2,658.0,419.5,98.7,8.0,11.7,2757.7,6.6,23.8,2608.9,118.4,15.30045,74.08551,0,79.39999999999999,216.89999999999998
114,Konkan & Goa,2015,2.7,0.0,36.8,3.6,11.3,764.0,526.5,377.3,240.9,91.4,27.3,0.0,2081.8,2.7,51.7,1908.7,118.7,15.30045,74.08551,0,254.66666666666666,752.7
115,Konkan & Goa,2016,0.0,0.1,2.0,0.3,2.1,806.5,1327.3,817.0,600.2,106.3,2.0,0.1,3663.9,0.1,4.4,3551.0,108.4,15.30045,74.08551,1,268.8333333333333,804.4
116,Konkan & Goa,2017,0.0,0.0,0.0,0.0,47.0,840.4,1095.3,731.2,546.9,156.9,0.7,25.0,3443.4,0.0,47.0,3213.8,182.6,15.30045,74.08551,1,280.1333333333333,793.4
117,Madhya Maharashtra,1901,18.8,0.6,7.7,36.6,30.4,107.7,215.9,194.1,83.7,68.7,4.4,0.5,769.1,19.4,74.7,601.4,73.6,19.14486043,74.77204737,0,35.9,77.30000000000001
118,Madhya Maharashtra,1902,7.8,0.0,0.1,5.0,9.8,102.6,210.9,114.5,169.5,60.4,40.5,62.9,784.0,7.8,14.9,597.5,163.8,19.14486043,74.77204737,0,34.199999999999996,92.8
119,Madhya Maharashtra,1903,7.6,0.0,0.0,3.2,77.2,86.3,281.8,155.5,142.3,74.2,7.6,2.2,837.9,7.6,80.4,665.9,84.0,19.14486043,74.77204737,0,28.766666666666666,9.099999999999994
120,Madhya Maharashtra,1904,0.4,4.7,1.7,3.0,18.7,114.6,126.5,59.5,183.0,91.1,0.0,0.4,603.6,5.1,23.4,483.6,91.5,19.14486043,74.77204737,0,38.199999999999996,95.89999999999999
121,Madhya Maharashtra,1905,0.0,1.2,0.0,2.3,23.6,65.0,252.8,79.0,52.6,52.9,8.3,0.0,537.7,1.2,25.9,449.4,61.2,19.14486043,74.77204737,0,21.666666666666668,41.4
122,Madhya Maharashtra,1906,10.5,0.8,0.0,0.1,9.3,184.8,199.3,205.0,88.8,19.1,15.5,11.1,744.3,11.3,9.4,677.9,45.7,19.14486043,74.77204737,0,61.6,175.5
123,Madhya Maharashtra,1907,0.5,3.7,1.5,54.5,0.6,118.0,262.3,267.8,94.1,7.6,3.6,0.9,815.1,4.2,56.6,742.2,12.1,19.14486043,74.77204737,0,39.333333333333336,117.4
124,Madhya Maharashtra,1908,0.3,0.0,4.7,6.3,5.8,85.1,263.0,169.9,166.6,16.3,4.0,0.0,722.0,0.3,16.8,684.6,20.3,19.14486043,74.77204737,0,28.366666666666664,79.3
125,Madhya Maharashtra,1909,1.2,0.1,0.7,1.4,38.5,179.6,247.0,101.6,146.2,31.1,3.1,4.7,755.2,1.3,40.6,674.4,38.9,19.14486043,74.77204737,0,59.86666666666667,141.1
126,Madhya Maharashtra,1910,0.0,0.0,1.0,0.0,13.1,204.6,172.0,228.6,195.7,70.0,30.2,0.0,915.2,0.0,14.1,800.9,100.2,19.14486043,74.77204737,0,68.2,191.5
127,Madhya Maharashtra,1911,2.0,0.1,2.2,0.2,12.0,136.9,137.7,153.2,29.9,23.6,42.9,3.8,544.5,2.1,14.4,457.7,70.3,19.14486043,74.77204737,0,45.63333333333333,124.9
128,Madhya Maharashtra,1912,0.0,0.4,0.0,9.0,20.9,88.3,307.6,150.0,34.7,86.0,67.7,0.3,764.9,0.4,29.9,580.6,154.0,19.14486043,74.77204737,0,29.433333333333334,67.4
129,Madhya Maharashtra,1913,0.0,0.2,0.0,8.4,34.0,259.9,210.8,86.6,82.8,43.7,0.6,5.5,732.5,0.2,42.4,640.1,49.8,19.14486043,74.77204737,0,86.63333333333333,225.89999999999998
130,Madhya Maharashtra,1914,0.0,0.4,0.3,3.7,15.2,188.3,348.8,204.3,211.6,22.1,36.6,7.6,1038.9,0.4,19.2,953.0,66.3,19.14486043,74.77204737,0,62.76666666666667,173.10000000000002
131,Madhya Maharashtra,1915,8.6,6.6,13.9,21.9,12.1,195.2,225.4,80.0,228.5,76.8,20.9,18.0,907.9,15.2,47.9,729.1,115.7,19.14486043,74.77204737,0,65.06666666666666,183.1
132,Madhya Maharashtra,1916,0.0,0.2,0.4,4.9,55.2,144.8,257.6,185.9,217.5,136.8,69.1,0.1,1072.5,0.2,60.5,805.8,206.0,19.14486043,74.77204737,0,48.26666666666667,89.60000000000001
133,Madhya Maharashtra,1917,0.1,20.0,4.8,7.7,15.6,174.3,120.6,187.0,205.2,169.5,33.4,0.0,938.2,20.1,28.1,687.1,202.9,19.14486043,74.77204737,0,58.1,158.70000000000002
134,Madhya Maharashtra,1918,5.1,0.6,2.6,1.0,90.5,51.7,68.4,112.4,55.1,13.3,30.0,7.5,438.2,5.7,94.1,287.6,50.8,19.14486043,74.77204737,0,17.233333333333334,38.8
135,Madhya Maharashtra,1919,3.0,0.5,1.2,2.7,38.2,173.5,198.9,153.8,231.7,45.1,28.4,1.9,878.9,3.5,42.1,757.9,75.4,19.14486043,74.77204737,0,57.833333333333336,135.3
136,Madhya Maharashtra,1920,41.5,0.2,0.1,9.7,8.0,120.7,185.9,94.1,113.8,26.0,0.3,0.0,600.3,41.7,17.8,514.5,26.3,19.14486043,74.77204737,0,40.233333333333334,112.7
137,Madhya Maharashtra,1921,1.6,0.0,0.3,9.0,1.1,105.8,291.6,125.0,128.7,47.5,23.7,0.0,734.3,1.6,10.4,651.1,71.2,19.14486043,74.77204737,0,35.266666666666666,104.7
138,Madhya Maharashtra,1922,18.3,2.6,0.0,16.7,27.4,161.7,218.2,79.4,97.1,41.2,141.1,1.4,805.1,20.9,44.1,556.4,183.7,19.14486043,74.77204737,0,53.9,134.29999999999998
139,Madhya Maharashtra,1923,1.9,1.7,32.7,8.7,10.5,30.7,290.0,126.5,169.5,6.4,0.0,2.3,680.9,3.6,51.9,616.7,8.7,19.14486043,74.77204737,0,10.233333333333333,20.2
140,Madhya Maharashtra,1924,2.1,0.0,2.8,19.7,4.6,80.3,173.8,220.6,185.8,49.7,3.6,5.3,748.3,2.1,27.1,660.5,58.6,19.14486043,74.77204737,0,26.766666666666666,75.7
141,Madhya Maharashtra,1925,0.0,0.0,3.1,1.5,38.9,177.7,152.0,115.2,94.7,33.9,40.7,4.0,661.7,0.0,43.5,539.6,78.6,19.14486043,74.77204737,0,59.23333333333333,138.79999999999998
142,Madhya Maharashtra,1926,34.3,0.6,0.1,0.2,11.2,85.9,230.6,258.0,147.7,8.1,8.3,2.2,787.2,34.9,11.5,722.2,18.6,19.14486043,74.77204737,0,28.633333333333336,74.7
143,Madhya Maharashtra,1927,0.0,1.0,0.9,4.6,9.3,184.9,318.7,85.4,183.6,51.3,83.3,2.0,925.0,1.0,14.8,772.6,136.6,19.14486043,74.77204737,0,61.63333333333333,175.6
144,Madhya Maharashtra,1928,0.1,10.3,3.7,8.0,0.3,143.3,217.7,159.6,209.0,62.5,3.1,14.1,831.7,10.4,12.0,729.6,79.7,19.14486043,74.77204737,0,47.76666666666667,143.0
145,Madhya Maharashtra,1929,1.0,6.4,2.0,37.1,6.4,155.9,168.2,73.7,151.6,82.5,3.4,2.2,690.4,7.4,45.5,549.4,88.1,19.14486043,74.77204737,0,51.96666666666667,149.5
146,Madhya Maharashtra,1930,0.0,0.0,0.7,3.2,29.8,178.1,233.7,106.5,247.0,87.4,37.7,5.0,929.1,0.0,33.7,765.3,130.1,19.14486043,74.77204737,0,59.36666666666667,148.29999999999998
147,Madhya Maharashtra,1931,0.0,0.0,0.6,14.0,2.9,109.7,316.3,233.5,178.9,180.9,70.2,25.3,1132.3,0.0,17.5,838.4,276.4,19.14486043,74.77204737,0,36.56666666666667,106.8
148,Madhya Maharashtra,1932,0.0,0.5,8.6,22.3,27.3,67.3,351.7,221.3,162.8,148.4,30.8,4.0,1045.0,0.5,58.2,803.1,183.2,19.14486043,74.77204737,0,22.433333333333334,40.0
149,Madhya Maharashtra,1933,1.4,0.5,3.4,8.5,76.5,182.3,194.7,259.4,286.1,93.3,24.0,22.3,1152.4,1.9,88.4,922.5,139.6,19.14486043,74.77204737,0,60.76666666666667,105.80000000000001
150,Madhya Maharashtra,1934,3.7,0.0,1.9,7.3,8.0,138.2,217.0,222.3,136.8,41.2,82.0,0.0,858.4,3.7,17.2,714.3,123.2,19.14486043,74.77204737,0,46.06666666666666,130.2
151,Madhya Maharashtra,1935,2.5,0.0,0.0,3.7,1.4,149.6,208.6,195.5,126.7,119.4,7.7,3.9,819.0,2.5,5.1,680.4,131.0,19.14486043,74.77204737,0,49.86666666666667,148.2
152,Madhya Maharashtra,1936,1.3,6.2,4.3,3.8,21.1,169.2,113.9,106.3,161.5,17.2,130.4,0.3,735.5,7.5,29.2,550.9,147.9,19.14486043,74.77204737,0,56.4,148.1
153,Madhya Maharashtra,1937,0.0,2.0,2.0,47.7,4.7,146.7,319.4,63.6,219.9,96.1,1.3,11.0,914.4,2.0,54.4,749.6,108.4,19.14486043,74.77204737,0,48.9,142.0
154,Madhya Maharashtra,1938,0.6,1.0,23.5,12.2,50.4,239.9,286.6,169.4,191.5,141.3,7.6,2.3,1126.3,1.6,86.1,887.4,151.2,19.14486043,74.77204737,0,79.96666666666667,189.5
155,Madhya Maharashtra,1939,0.2,0.2,4.1,6.3,1.1,127.6,303.9,219.9,88.5,41.8,27.3,0.8,821.7,0.4,11.5,739.9,69.9,19.14486043,74.77204737,0,42.53333333333333,126.5
156,Madhya Maharashtra,1940,1.3,1.8,0.5,16.5,15.8,191.3,215.9,188.7,132.0,95.2,30.1,4.2,893.3,3.1,32.8,727.9,129.5,19.14486043,74.77204737,0,63.76666666666667,175.5
157,Madhya Maharashtra,1941,28.2,8.0,1.8,5.4,4.2,96.1,338.6,103.7,143.3,44.5,0.1,0.4,774.3,36.2,11.4,681.7,45.0,19.14486043,74.77204737,0,32.03333333333333,91.89999999999999
158,Madhya Maharashtra,1942,0.2,2.5,0.2,6.7,10.0,213.3,364.7,191.6,93.8,20.0,1.3,36.9,941.2,2.7,16.9,863.4,58.2,19.14486043,74.77204737,0,71.10000000000001,203.3
159,Madhya Maharashtra,1943,4.1,0.0,1.5,3.5,63.4,150.5,316.4,80.9,166.2,196.0,10.6,0.0,993.1,4.1,68.4,714.0,206.6,19.14486043,74.77204737,0,50.166666666666664,87.1
160,Madhya Maharashtra,1944,0.8,0.7,10.3,0.1,21.4,132.2,421.7,227.8,142.1,115.3,13.6,0.0,1086.0,1.5,31.8,923.8,128.9,19.14486043,74.77204737,0,44.06666666666666,110.79999999999998
161,Madhya Maharashtra,1945,4.2,0.0,0.0,9.8,5.2,125.6,263.7,209.0,132.4,37.1,6.3,0.0,793.3,4.2,15.0,730.7,43.4,19.14486043,74.77204737,0,41.86666666666667,120.39999999999999
162,Madhya Maharashtra,1946,0.0,2.9,0.0,22.0,34.3,138.4,288.5,255.9,170.3,23.1,152.8,15.4,1103.6,2.9,56.3,853.1,191.3,19.14486043,74.77204737,0,46.13333333333333,104.10000000000001
163,Madhya Maharashtra,1947,18.7,1.4,4.4,31.0,19.6,63.0,230.6,272.8,216.2,23.0,10.3,14.6,905.6,20.1,55.0,782.6,47.9,19.14486043,74.77204737,0,21.0,43.4
164,Madhya Maharashtra,1948,16.9,0.7,4.3,7.6,8.9,191.0,239.6,181.4,162.0,66.6,137.1,0.1,1016.2,17.6,20.8,774.0,203.8,19.14486043,74.77204737,0,63.666666666666664,182.1
165,Madhya Maharashtra,1949,0.0,0.0,2.0,4.8,58.4,102.0,201.3,174.0,323.1,82.2,5.7,0.0,953.5,0.0,65.2,800.4,87.9,19.14486043,74.77204737,0,34.0,43.6
166,Madhya Maharashtra,1950,0.0,0.2,1.5,5.9,23.2,59.5,400.2,102.9,248.8,87.3,2.2,0.8,932.5,0.2,30.6,811.4,90.3,19.14486043,74.77204737,0,19.833333333333332,36.3
167,Madhya Maharashtra,1951,0.1,0.0,0.5,9.3,29.5,150.1,250.2,136.3,71.7,128.9,20.1,0.0,796.7,0.1,39.3,608.3,149.0,19.14486043,74.77204737,0,50.03333333333333,120.6
168,Madhya Maharashtra,1952,0.0,1.9,0.0,8.9,18.9,131.2,268.8,139.1,57.1,56.7,0.0,0.8,683.4,1.9,27.8,596.2,57.5,19.14486043,74.77204737,0,43.73333333333333,112.29999999999998
169,Madhya Maharashtra,1953,1.2,0.0,0.1,24.5,2.0,186.3,216.5,220.2,126.8,116.1,0.0,0.0,893.7,1.2,26.6,749.8,116.1,19.14486043,74.77204737,0,62.1,184.3
170,Madhya Maharashtra,1954,2.0,0.4,16.0,6.0,15.8,158.5,305.3,171.7,263.0,30.1,0.0,16.2,985.0,2.4,37.8,898.5,46.3,19.14486043,74.77204737,0,52.833333333333336,142.7
171,Madhya Maharashtra,1955,3.2,0.0,6.8,12.2,25.8,140.9,149.6,254.3,218.9,159.0,10.4,0.0,981.1,3.2,44.8,763.7,169.4,19.14486043,74.77204737,0,46.96666666666667,115.10000000000001
172,Madhya Maharashtra,1956,1.5,0.2,1.1,11.3,91.2,111.0,360.5,252.0,165.8,148.0,90.1,1.1,1233.8,1.7,103.6,889.3,239.2,19.14486043,74.77204737,0,37.0,19.799999999999997
173,Madhya Maharashtra,1957,0.1,0.0,4.8,20.9,36.9,177.8,196.4,202.2,98.7,85.1,26.8,0.1,849.8,0.1,62.6,675.1,112.0,19.14486043,74.77204737,0,59.26666666666667,140.9
174,Madhya Maharashtra,1958,1.6,0.0,5.4,23.6,32.9,101.9,393.3,296.6,112.1,57.4,29.2,0.1,1054.1,1.6,61.9,903.9,86.7,19.14486043,74.77204737,0,33.96666666666667,69.0
175,Madhya Maharashtra,1959,2.4,0.0,0.0,16.8,39.3,174.7,344.3,199.0,202.7,84.7,54.9,0.1,1118.9,2.4,56.1,920.7,139.7,19.14486043,74.77204737,0,58.23333333333333,135.39999999999998
176,Madhya Maharashtra,1960,3.6,0.0,3.0,5.1,61.3,146.4,235.0,138.0,229.0,44.9,18.8,0.8,885.9,3.6,69.4,748.4,64.5,19.14486043,74.77204737,0,48.800000000000004,85.10000000000001
177,Madhya Maharashtra,1961,0.3,0.1,0.5,9.8,104.2,163.5,411.9,135.0,104.8,128.0,10.0,2.5,1070.6,0.4,114.5,815.2,140.5,19.14486043,74.77204737,0,54.5,59.3
178,Madhya Maharashtra,1962,0.2,0.1,6.7,12.9,57.2,46.8,287.5,164.0,199.9,51.9,23.0,48.8,899.0,0.3,76.8,698.2,123.7,19.14486043,74.77204737,0,15.6,10.400000000000006
179,Madhya Maharashtra,1963,0.8,4.3,14.0,12.0,23.3,138.6,252.3,268.7,72.7,93.5,19.1,0.6,899.9,5.1,49.3,732.3,113.2,19.14486043,74.77204737,0,46.199999999999996,115.3
180,Madhya Maharashtra,1964,0.0,0.0,4.1,6.2,7.0,139.8,238.9,242.3,223.1,60.0,23.3,0.9,945.6,0.0,17.3,844.1,84.2,19.14486043,74.77204737,0,46.6,132.8
181,Madhya Maharashtra,1965,5.8,0.2,0.3,10.2,12.3,82.9,380.7,200.3,54.8,10.0,4.6,28.5,790.6,6.0,22.8,718.7,43.1,19.14486043,74.77204737,0,27.633333333333336,70.60000000000001
182,Madhya Maharashtra,1966,1.9,0.5,1.4,2.1,81.5,83.8,315.0,94.0,149.0,14.5,82.6,11.2,837.5,2.4,85.0,641.8,108.3,19.14486043,74.77204737,0,27.933333333333334,2.299999999999997
183,Madhya Maharashtra,1967,0.0,0.1,4.7,13.3,7.8,130.4,367.4,139.0,146.7,43.1,2.1,58.6,913.2,0.1,25.8,783.5,103.8,19.14486043,74.77204737,0,43.46666666666667,122.60000000000001
184,Madhya Maharashtra,1968,1.6,3.6,9.4,11.2,2.5,95.4,238.9,213.3,172.1,60.6,15.1,0.3,824.0,5.2,23.1,719.7,76.0,19.14486043,74.77204737,0,31.8,92.9
185,Madhya Maharashtra,1969,0.2,0.0,1.4,5.8,4.0,140.1,307.1,248.3,234.0,20.1,22.3,0.9,984.2,0.2,11.2,929.5,43.3,19.14486043,74.77204737,0,46.699999999999996,136.1
186,Madhya Maharashtra,1970,1.0,0.0,0.6,17.9,39.1,195.4,200.1,254.9,161.3,70.9,0.0,0.0,941.2,1.0,57.6,811.7,70.9,19.14486043,74.77204737,0,65.13333333333334,156.3
187,Madhya Maharashtra,1971,0.0,0.0,0.1,3.8,43.3,155.6,124.9,204.0,185.6,56.0,0.0,0.0,773.3,0.0,47.2,670.1,56.0,19.14486043,74.77204737,0,51.86666666666667,112.3
188,Madhya Maharashtra,1972,0.0,0.2,0.0,4.0,13.8,90.4,195.1,99.3,88.1,7.3,21.6,0.1,519.9,0.2,17.8,472.9,29.0,19.14486043,74.77204737,0,30.133333333333336,76.60000000000001
189,Madhya Maharashtra,1973,0.0,3.0,1.8,3.2,10.1,124.7,312.0,243.9,172.8,104.8,3.9,0.4,980.6,3.0,15.1,853.4,109.1,19.14486043,74.77204737,0,41.56666666666667,114.60000000000001
190,Madhya Maharashtra,1974,0.0,0.1,2.5,14.6,60.9,77.5,217.9,184.7,201.5,152.0,0.1,0.0,911.8,0.1,78.0,681.6,152.1,19.14486043,74.77204737,0,25.833333333333332,16.6
191,Madhya Maharashtra,1975,0.4,1.1,0.1,1.0,15.4,165.6,228.0,223.2,242.8,158.3,4.8,0.0,1040.7,1.5,16.5,859.6,163.1,19.14486043,74.77204737,0,55.199999999999996,150.2
192,Madhya Maharashtra,1976,0.1,0.0,6.0,3.4,3.3,283.6,315.6,240.8,87.7,14.3,68.9,2.2,1025.9,0.1,12.7,927.7,85.4,19.14486043,74.77204737,0,94.53333333333335,280.3
193,Madhya Maharashtra,1977,0.0,0.1,7.1,9.9,31.3,209.0,262.5,150.4,94.6,64.4,112.1,5.7,947.1,0.1,48.3,716.5,182.2,19.14486043,74.77204737,0,69.66666666666667,177.7
194,Madhya Maharashtra,1978,0.7,10.8,4.6,22.2,33.1,174.2,179.6,211.8,124.1,57.0,63.5,2.1,883.7,11.5,59.9,689.7,122.6,19.14486043,74.77204737,0,58.06666666666666,141.1
195,Madhya Maharashtra,1979,3.5,1.8,5.3,1.0,7.1,129.7,194.5,299.0,249.9,46.0,88.4,0.5,1026.7,5.3,13.4,873.1,134.9,19.14486043,74.77204737,0,43.23333333333333,122.6
196,Madhya Maharashtra,1980,0.0,0.0,1.5,16.1,8.6,279.2,197.4,286.6,89.2,14.7,29.8,16.4,939.5,0.0,26.2,852.4,60.9,19.14486043,74.77204737,0,93.06666666666666,270.59999999999997
197,Madhya Maharashtra,1981,10.5,0.0,3.7,6.8,7.7,135.9,248.9,188.6,253.7,56.8,11.0,6.2,929.8,10.5,18.2,827.1,74.0,19.14486043,74.77204737,0,45.300000000000004,128.20000000000002
198,Madhya Maharashtra,1982,2.1,0.2,0.2,6.3,33.8,114.6,187.7,186.6,119.5,55.2,45.8,0.0,752.0,2.3,40.3,608.4,101.0,19.14486043,74.77204737,0,38.199999999999996,80.8
199,Madhya Maharashtra,1983,0.1,1.4,0.0,0.0,2.8,125.3,218.1,259.4,263.0,43.2,2.5,2.8,918.6,1.5,2.8,865.8,48.5,19.14486043,74.77204737,0,41.766666666666666,122.5
200,Madhya Maharashtra,1984,0.6,11.2,3.7,4.6,0.6,109.6,260.8,140.0,133.2,109.1,4.7,1.7,779.8,11.8,8.9,643.6,115.5,19.14486043,74.77204737,0,36.53333333333333,109.0
201,Madhya Maharashtra,1985,2.6,0.2,2.3,9.1,12.3,118.7,189.5,145.1,63.5,107.3,5.4,0.0,656.0,2.8,23.7,516.8,112.7,19.14486043,74.77204737,0,39.56666666666667,106.4
202,Madhya Maharashtra,1986,1.6,2.7,0.3,2.4,8.6,200.8,126.1,157.9,101.0,8.9,19.4,14.6,644.3,4.3,11.3,585.8,42.9,19.14486043,74.77204737,0,66.93333333333334,192.20000000000002
203,Madhya Maharashtra,1987,1.7,3.9,2.5,4.0,36.6,130.3,166.7,226.9,63.5,98.8,38.0,34.6,807.5,5.6,43.1,587.4,171.4,19.14486043,74.77204737,0,43.43333333333334,93.70000000000002
204,Madhya Maharashtra,1988,0.0,0.1,0.1,18.8,7.6,111.0,314.1,165.7,324.8,27.5,1.9,4.9,976.5,0.1,26.5,915.6,34.3,19.14486043,74.77204737,0,37.0,103.4
205,Madhya Maharashtra,1989,0.0,0.0,16.3,3.3,11.8,153.5,271.9,152.1,181.6,22.9,1.4,1.7,816.5,0.0,31.4,759.1,26.0,19.14486043,74.77204737,0,51.166666666666664,141.7
206,Madhya Maharashtra,1990,2.6,0.2,0.0,0.2,78.2,150.5,227.3,294.6,94.9,154.9,17.2,1.9,1022.5,2.8,78.4,767.3,174.0,19.14486043,74.77204737,0,50.166666666666664,72.3
207,Madhya Maharashtra,1991,0.0,0.1,0.3,12.2,19.2,293.8,318.1,143.9,67.3,21.0,4.7,0.1,880.7,0.1,31.7,823.1,25.8,19.14486043,74.77204737,0,97.93333333333334,274.6
208,Madhya Maharashtra,1992,0.0,0.0,0.0,2.1,5.1,146.9,190.6,248.6,132.1,55.6,10.1,0.0,791.1,0.0,7.2,718.2,65.7,19.14486043,74.77204737,0,48.96666666666667,141.8
209,Madhya Maharashtra,1993,0.0,0.1,3.0,5.7,11.5,147.6,289.2,162.4,162.6,192.8,10.7,34.3,1019.9,0.1,20.2,761.8,237.8,19.14486043,74.77204737,0,49.199999999999996,136.1
210,Madhya Maharashtra,1994,3.1,0.1,0.6,21.8,23.8,253.2,332.9,188.4,118.9,66.2,12.6,0.0,1021.6,3.2,46.2,893.4,78.8,19.14486043,74.77204737,0,84.39999999999999,229.39999999999998
211,Madhya Maharashtra,1995,20.0,0.2,5.4,6.7,24.0,63.6,253.1,82.7,194.3,121.5,4.9,0.0,776.4,20.2,36.1,593.7,126.4,19.14486043,74.77204737,0,21.2,39.6
212,Madhya Maharashtra,1996,0.1,0.0,0.1,4.1,5.7,162.3,281.0,184.1,161.4,171.3,4.8,0.4,975.3,0.1,9.9,788.8,176.5,19.14486043,74.77204737,0,54.1,156.60000000000002
213,Madhya Maharashtra,1997,3.3,0.0,2.4,15.3,6.5,180.2,239.9,295.5,91.7,57.7,68.8,39.6,1000.9,3.3,24.2,807.3,166.1,19.14486043,74.77204737,0,60.06666666666666,173.7
214,Madhya Maharashtra,1998,0.2,0.0,0.6,2.5,18.4,147.1,264.1,226.4,257.2,162.5,22.1,0.0,1101.1,0.2,21.5,894.8,184.6,19.14486043,74.77204737,0,49.03333333333333,128.7
215,Madhya Maharashtra,1999,0.0,6.7,0.0,0.1,39.2,225.3,262.5,85.4,169.0,177.6,0.0,0.0,965.8,6.7,39.3,742.2,177.6,19.14486043,74.77204737,0,75.10000000000001,186.10000000000002
216,Madhya Maharashtra,2000,0.4,1.1,0.2,1.7,18.5,173.0,198.7,159.6,87.0,56.5,2.7,2.1,701.5,1.5,20.4,618.3,61.3,19.14486043,74.77204737,0,57.666666666666664,154.5
217,Madhya Maharashtra,2001,4.4,0.0,0.3,4.7,8.4,157.9,179.3,160.9,137.3,125.5,5.7,0.5,784.9,4.4,13.4,635.4,131.7,19.14486043,74.77204737,0,52.63333333333333,149.5
218,Madhya Maharashtra,2002,1.7,3.1,1.0,13.0,14.4,251.9,95.6,221.5,95.8,36.3,5.9,0.0,740.2,4.8,28.4,664.8,42.2,19.14486043,74.77204737,0,83.96666666666667,237.5
219,Madhya Maharashtra,2003,0.8,2.2,1.5,5.7,15.1,210.8,208.7,178.4,116.2,29.5,3.5,0.1,772.5,3.0,22.3,714.1,33.1,19.14486043,74.77204737,0,70.26666666666667,195.70000000000002
220,Madhya Maharashtra,2004,0.1,0.1,0.0,4.7,49.0,215.9,174.2,354.1,181.2,42.1,8.0,0.1,1029.5,0.2,53.7,925.4,50.2,19.14486043,74.77204737,0,71.96666666666667,166.9
221,Madhya Maharashtra,2005,3.6,0.4,1.6,11.1,7.8,240.5,361.2,256.1,276.4,62.7,0.0,0.0,1221.4,4.0,20.5,1134.2,62.7,19.14486043,74.77204737,0,80.16666666666667,232.7
222,Madhya Maharashtra,2006,0.0,0.0,7.1,0.2,42.3,205.3,416.4,421.7,217.0,60.1,25.5,0.0,1395.6,0.0,49.6,1260.4,85.6,19.14486043,74.77204737,0,68.43333333333334,163.0
223,Madhya Maharashtra,2007,1.3,0.4,0.0,2.1,5.5,266.9,293.5,274.2,189.2,3.4,3.9,0.0,1040.4,1.7,7.6,1023.8,7.3,19.14486043,74.77204737,0,88.96666666666665,261.4
224,Madhya Maharashtra,2008,0.0,0.0,18.1,0.6,1.1,107.9,157.9,257.6,312.4,56.6,3.7,0.9,916.8,0.0,19.8,835.8,61.2,19.14486043,74.77204737,0,35.96666666666667,106.80000000000001
225,Madhya Maharashtra,2009,0.0,1.7,0.8,0.4,7.7,68.9,329.8,148.2,162.6,96.2,121.3,4.3,941.9,1.7,8.9,709.5,221.8,19.14486043,74.77204737,0,22.96666666666667,61.2
226,Madhya Maharashtra,2010,2.9,0.1,0.9,2.3,5.4,185.6,280.9,233.2,165.6,77.1,73.4,0.2,1027.6,3.0,8.6,865.3,150.7,19.14486043,74.77204737,0,61.86666666666667,180.2
227,Madhya Maharashtra,2011,0.0,0.3,0.3,5.0,2.9,133.3,261.4,238.1,148.4,62.8,0.0,0.0,852.5,0.3,8.2,781.2,62.8,19.14486043,74.77204737,0,44.43333333333334,130.4
228,Madhya Maharashtra,2012,0.0,0.0,0.0,3.0,1.4,67.9,203.0,187.8,129.5,95.2,2.2,0.0,690.0,0.0,4.4,588.2,97.4,19.14486043,74.77204737,0,22.633333333333336,66.5
229,Madhya Maharashtra,2013,0.1,5.3,0.8,5.7,6.0,212.4,311.8,147.0,210.3,57.8,4.0,1.3,962.5,5.4,12.5,881.5,63.1,19.14486043,74.77204737,0,70.8,206.4
230,Madhya Maharashtra,2014,3.1,6.2,24.4,7.5,29.8,44.0,277.9,240.3,120.4,38.5,32.8,13.1,838.0,9.3,61.7,682.6,84.4,19.14486043,74.77204737,0,14.666666666666666,14.2
231,Madhya Maharashtra,2015,1.4,0.8,41.2,9.6,24.4,177.0,111.7,67.2,146.6,48.3,16.2,0.1,644.5,2.2,75.2,502.5,64.6,19.14486043,74.77204737,0,59.0,152.6
232,Madhya Maharashtra,2016,0.0,0.7,7.1,1.4,7.7,100.7,319.6,232.7,171.9,62.4,1.1,0.9,906.2,0.7,16.2,824.9,64.4,19.14486043,74.77204737,0,33.56666666666667,93.0
233,Madhya Maharashtra,2017,0.0,0.0,0.4,0.8,18.0,189.2,280.9,192.0,190.1,112.8,5.0,5.1,994.3,0.0,19.2,852.2,122.9,19.14486043,74.77204737,0,63.06666666666666,171.2
234,Matathwada,1901,15.8,3.3,32.1,48.5,26.5,193.1,184.1,249.8,74.0,81.6,0.0,0.0,908.8,19.1,107.1,701.0,81.6,19.1033404,77.24397107,0,64.36666666666666,166.6
235,Matathwada,1902,1.3,0.0,0.4,7.2,0.8,52.4,120.9,85.2,273.3,61.3,84.4,56.9,744.1,1.3,8.4,531.8,202.6,19.1033404,77.24397107,0,17.466666666666665,51.6
236,Matathwada,1903,2.6,0.8,0.0,1.7,58.3,104.4,264.2,281.9,173.3,139.9,0.3,5.3,1032.7,3.4,60.0,823.8,145.5,19.1033404,77.24397107,0,34.800000000000004,46.10000000000001
237,Matathwada,1904,0.0,0.9,12.1,0.3,7.2,79.2,118.4,57.3,339.0,76.2,0.0,0.0,690.6,0.9,19.6,593.9,76.2,19.1033404,77.24397107,0,26.400000000000002,72.0
238,Matathwada,1905,1.3,2.0,0.0,6.6,4.8,84.6,94.8,137.6,157.8,15.4,0.9,0.0,505.8,3.3,11.4,474.8,16.3,19.1033404,77.24397107,0,28.2,79.8
239,Matathwada,1906,19.8,0.0,0.1,0.0,0.2,220.6,254.9,156.9,82.1,19.8,3.9,12.4,770.7,19.8,0.3,714.5,36.1,19.1033404,77.24397107,0,73.53333333333333,220.4
240,Matathwada,1907,1.0,6.6,1.1,61.3,0.0,90.4,198.9,155.2,34.7,5.0,0.0,3.7,557.9,7.6,62.4,479.2,8.7,19.1033404,77.24397107,0,30.133333333333336,90.4
241,Matathwada,1908,0.0,0.8,13.0,2.9,1.6,100.7,124.4,176.8,261.9,0.4,0.0,0.0,682.5,0.8,17.5,663.8,0.4,19.1033404,77.24397107,0,33.56666666666667,99.10000000000001
242,Matathwada,1909,5.5,1.6,8.4,4.2,22.2,217.2,194.3,173.8,223.5,21.4,0.4,20.3,892.8,7.1,34.8,808.8,42.1,19.1033404,77.24397107,0,72.39999999999999,195.0
243,Matathwada,1910,0.0,0.0,0.9,0.0,3.1,202.1,166.7,188.5,467.9,59.7,45.3,0.0,1134.2,0.0,4.0,1025.2,105.0,19.1033404,77.24397107,0,67.36666666666666,199.0
244,Matathwada,1911,6.4,0.0,0.0,0.0,3.0,85.5,231.9,175.0,68.6,0.2,41.8,0.0,612.4,6.4,3.0,561.0,42.0,19.1033404,77.24397107,0,28.5,82.5
245,Matathwada,1912,0.0,13.7,0.0,6.5,9.5,62.9,177.3,145.9,34.6,22.8,15.2,0.0,488.4,13.7,16.0,420.7,38.0,19.1033404,77.24397107,0,20.966666666666665,53.4
246,Matathwada,1913,0.0,3.4,0.0,15.1,38.6,173.0,245.9,80.1,63.7,21.0,0.0,15.9,656.7,3.4,53.7,562.7,36.9,19.1033404,77.24397107,0,57.666666666666664,134.4
247,Matathwada,1914,0.0,10.4,5.2,0.9,16.3,297.0,177.2,151.7,258.3,23.9,20.9,27.3,989.1,10.4,22.4,884.2,72.1,19.1033404,77.24397107,0,99.0,280.7
248,Matathwada,1915,28.0,2.6,55.9,18.9,11.5,207.8,146.8,96.1,299.1,99.7,10.1,25.1,1001.6,30.6,86.3,749.8,134.9,19.1033404,77.24397107,0,69.26666666666667,196.3
249,Matathwada,1916,0.0,5.0,3.0,1.7,43.6,149.8,374.7,139.7,305.1,115.0,40.3,0.0,1177.9,5.0,48.3,969.3,155.3,19.1033404,77.24397107,0,49.93333333333334,106.20000000000002
250,Matathwada,1917,1.7,63.5,10.8,7.0,17.1,176.8,144.6,259.3,348.7,101.2,37.5,0.0,1168.2,65.2,34.9,929.4,138.7,19.1033404,77.24397107,0,58.93333333333334,159.70000000000002
251,Matathwada,1918,0.7,0.0,0.2,0.6,121.4,93.5,65.9,78.6,89.9,4.7,9.8,20.7,486.0,0.7,122.2,327.9,35.2,19.1033404,77.24397107,0,31.166666666666668,27.900000000000006
252,Matathwada,1919,11.9,0.9,0.3,5.1,11.2,149.7,119.9,85.3,228.0,28.0,21.4,1.1,662.8,12.8,16.6,582.9,50.5,19.1033404,77.24397107,0,49.9,138.5
253,Matathwada,1920,27.0,0.0,0.3,3.1,2.1,60.4,50.5,86.1,127.7,3.8,0.0,0.0,361.0,27.0,5.5,324.7,3.8,19.1033404,77.24397107,0,20.133333333333333,58.3
254,Matathwada,1921,2.1,0.0,0.0,2.4,0.0,151.0,174.8,70.2,113.4,41.9,6.6,0.0,562.4,2.1,2.4,509.4,48.5,19.1033404,77.24397107,0,50.333333333333336,151.0
255,Matathwada,1922,54.4,1.9,0.0,2.8,19.3,220.3,119.5,39.4,206.4,47.8,122.7,1.4,835.9,56.3,22.1,585.6,171.9,19.1033404,77.24397107,0,73.43333333333334,201.0
256,Matathwada,1923,4.0,0.5,55.9,9.9,0.6,20.5,300.4,72.0,300.1,0.2,0.0,0.8,764.9,4.5,66.4,693.0,1.0,19.1033404,77.24397107,0,6.833333333333333,19.9
257,Matathwada,1924,3.2,0.0,7.7,8.1,0.2,49.2,130.4,180.7,200.2,59.8,9.8,13.4,662.7,3.2,16.0,560.5,83.0,19.1033404,77.24397107,0,16.400000000000002,49.0
258,Matathwada,1925,0.0,0.0,0.0,0.0,30.1,130.3,84.3,173.6,73.4,38.1,75.1,0.0,604.9,0.0,30.1,461.6,113.2,19.1033404,77.24397107,0,43.43333333333334,100.20000000000002
259,Matathwada,1926,70.4,0.0,0.0,1.5,17.6,85.0,126.3,254.1,147.6,0.0,11.2,1.8,715.5,70.4,19.1,613.0,13.0,19.1033404,77.24397107,0,28.333333333333332,67.4
260,Matathwada,1927,0.0,3.2,10.2,7.5,0.0,173.0,143.5,67.0,175.7,37.2,126.9,0.4,744.6,3.2,17.7,559.2,164.5,19.1033404,77.24397107,0,57.666666666666664,173.0
261,Matathwada,1928,0.0,28.3,9.5,2.0,0.0,160.5,141.7,135.0,288.1,58.8,0.0,1.7,825.6,28.3,11.5,725.3,60.5,19.1033404,77.24397107,0,53.5,160.5
262,Matathwada,1929,0.0,31.6,0.9,21.6,1.7,165.8,104.7,48.2,179.0,51.7,0.0,4.2,609.4,31.6,24.2,497.7,55.9,19.1033404,77.24397107,0,55.26666666666667,164.10000000000002
263,Matathwada,1930,0.0,1.0,1.7,13.0,4.1,132.2,49.6,75.7,281.0,64.6,17.1,0.3,640.3,1.0,18.8,538.5,82.0,19.1033404,77.24397107,0,44.06666666666666,128.1
264,Matathwada,1931,0.0,0.0,3.8,4.4,7.7,134.5,295.1,142.8,242.1,175.1,70.1,13.1,1088.7,0.0,15.9,814.5,258.3,19.1033404,77.24397107,0,44.833333333333336,126.8
265,Matathwada,1932,0.0,2.5,7.7,7.7,20.1,111.5,276.6,161.3,161.6,54.6,34.3,6.3,844.2,2.5,35.5,711.0,95.2,19.1033404,77.24397107,0,37.166666666666664,91.4
266,Matathwada,1933,9.1,7.6,10.1,13.5,66.7,206.6,214.7,180.4,340.8,30.7,17.5,25.2,1122.9,16.7,90.3,942.5,73.4,19.1033404,77.24397107,0,68.86666666666666,139.89999999999998
267,Matathwada,1934,6.0,0.0,0.0,11.9,1.3,95.8,248.6,256.8,159.9,16.8,79.5,0.0,876.6,6.0,13.2,761.1,96.3,19.1033404,77.24397107,0,31.933333333333334,94.5
268,Matathwada,1935,7.2,0.5,0.0,14.0,0.4,191.1,197.4,196.6,223.5,84.1,5.8,1.4,922.0,7.7,14.4,808.6,91.3,19.1033404,77.24397107,0,63.699999999999996,190.7
269,Matathwada,1936,0.0,26.6,7.8,10.7,33.3,137.5,92.2,119.3,145.1,9.1,139.9,6.2,727.7,26.6,51.8,494.1,155.2,19.1033404,77.24397107,0,45.833333333333336,104.2
270,Matathwada,1937,0.0,13.2,11.3,43.8,1.1,75.8,277.3,35.8,152.8,106.4,0.3,20.5,738.3,13.2,56.2,541.7,127.2,19.1033404,77.24397107,0,25.266666666666666,74.7
271,Matathwada,1938,0.0,8.8,17.7,15.6,27.3,253.3,260.1,146.5,256.1,86.8,0.2,0.3,1072.7,8.8,60.6,916.0,87.3,19.1033404,77.24397107,0,84.43333333333334,226.0
272,Matathwada,1939,0.2,0.0,3.7,9.1,0.2,98.2,163.6,188.6,73.8,25.3,16.5,1.0,580.2,0.2,13.0,524.2,42.8,19.1033404,77.24397107,0,32.733333333333334,98.0
273,Matathwada,1940,0.0,0.4,0.0,11.2,13.4,178.8,176.9,239.5,139.0,63.1,31.5,1.8,855.6,0.4,24.6,734.2,96.4,19.1033404,77.24397107,0,59.6,165.4
274,Matathwada,1941,9.4,9.3,1.1,0.5,0.0,50.2,114.9,150.4,190.6,14.5,0.0,0.0,540.9,18.7,1.6,506.1,14.5,19.1033404,77.24397107,0,16.733333333333334,50.2
275,Matathwada,1942,0.0,24.3,0.0,6.6,3.9,221.0,227.2,311.4,124.9,11.1,0.0,72.6,1003.0,24.3,10.5,884.5,83.7,19.1033404,77.24397107,0,73.66666666666667,217.1
276,Matathwada,1943,7.1,0.1,1.5,0.2,47.6,187.4,105.8,62.3,282.9,156.5,1.0,0.0,852.4,7.2,49.3,638.4,157.5,19.1033404,77.24397107,0,62.46666666666667,139.8
277,Matathwada,1944,0.4,12.2,32.6,0.0,5.2,85.1,230.7,116.0,167.0,94.5,15.2,0.0,758.9,12.6,37.8,598.8,109.7,19.1033404,77.24397107,0,28.366666666666664,79.89999999999999
278,Matathwada,1945,1.8,0.0,0.0,5.0,0.3,129.6,140.2,154.4,161.9,27.7,1.3,0.0,622.2,1.8,5.3,586.1,29.0,19.1033404,77.24397107,0,43.199999999999996,129.29999999999998
279,Matathwada,1946,0.0,9.7,1.9,21.3,16.3,165.6,212.4,114.5,180.1,6.8,98.2,21.9,848.7,9.7,39.5,672.6,126.9,19.1033404,77.24397107,0,55.199999999999996,149.29999999999998
280,Matathwada,1947,28.0,22.0,7.7,11.5,2.0,65.7,164.5,276.0,253.3,13.6,2.1,8.6,855.0,50.0,21.2,759.5,24.3,19.1033404,77.24397107,0,21.900000000000002,63.7
281,Matathwada,1948,7.9,2.2,4.1,3.3,1.9,179.4,218.7,110.1,221.6,21.1,176.1,0.0,946.4,10.1,9.3,729.8,197.2,19.1033404,77.24397107,0,59.800000000000004,177.5
282,Matathwada,1949,2.9,0.5,0.1,0.7,35.2,188.9,189.5,89.8,369.1,32.3,5.2,0.0,914.2,3.4,36.0,837.3,37.5,19.1033404,77.24397107,0,62.96666666666667,153.7
283,Matathwada,1950,0.0,11.9,4.1,0.4,7.1,67.6,141.1,113.9,271.0,38.8,0.0,1.6,657.5,11.9,11.6,593.6,40.4,19.1033404,77.24397107,0,22.53333333333333,60.49999999999999
284,Matathwada,1951,0.4,0.0,6.2,10.6,11.2,159.5,271.0,101.3,89.3,78.4,3.5,0.0,731.4,0.4,28.0,621.1,81.9,19.1033404,77.24397107,0,53.166666666666664,148.3
285,Matathwada,1952,0.2,18.8,0.0,3.3,21.7,95.4,144.6,87.2,136.1,36.4,0.0,2.3,546.0,19.0,25.0,463.3,38.7,19.1033404,77.24397107,0,31.8,73.7
286,Matathwada,1953,0.3,0.0,0.3,15.2,0.4,200.4,217.9,160.6,208.0,88.1,0.0,0.0,891.2,0.3,15.9,786.9,88.1,19.1033404,77.24397107,0,66.8,200.0
287,Matathwada,1954,0.4,0.0,15.5,5.6,5.2,181.0,276.0,138.8,255.6,11.9,0.0,9.7,899.7,0.4,26.3,851.4,21.6,19.1033404,77.24397107,0,60.333333333333336,175.8
288,Matathwada,1955,6.5,0.0,2.4,3.4,12.2,229.8,213.2,364.7,208.6,109.3,1.2,0.0,1151.3,6.5,18.0,1016.3,110.5,19.1033404,77.24397107,0,76.60000000000001,217.60000000000002
289,Matathwada,1956,1.2,1.9,0.1,4.1,78.4,154.1,310.0,134.6,202.5,70.7,79.7,0.0,1037.3,3.1,82.6,801.2,150.4,19.1033404,77.24397107,0,51.36666666666667,75.69999999999999
290,Matathwada,1957,1.5,2.1,13.9,14.5,30.0,126.9,255.1,294.6,104.7,53.7,3.6,0.0,900.6,3.6,58.4,781.3,57.3,19.1033404,77.24397107,0,42.300000000000004,96.9
291,Matathwada,1958,0.1,0.0,4.4,25.2,12.7,92.2,264.4,456.1,79.8,41.2,48.3,0.0,1024.4,0.1,42.3,892.5,89.5,19.1033404,77.24397107,0,30.733333333333334,79.5
292,Matathwada,1959,1.5,0.0,0.1,9.5,13.2,173.6,188.3,200.0,246.3,99.8,17.0,1.0,950.3,1.5,22.8,808.2,117.8,19.1033404,77.24397107,0,57.86666666666667,160.4
293,Matathwada,1960,3.6,0.0,18.1,1.0,49.2,163.6,136.6,66.8,206.8,78.5,14.0,0.1,738.3,3.6,68.3,573.8,92.6,19.1033404,77.24397107,0,54.53333333333333,114.39999999999999
294,Matathwada,1961,0.9,0.1,5.6,6.7,35.7,170.8,253.7,143.4,97.0,238.1,5.2,1.8,959.0,1.0,48.0,664.9,245.1,19.1033404,77.24397107,0,56.93333333333334,135.10000000000002
295,Matathwada,1962,0.6,2.8,2.7,37.8,43.4,67.3,164.7,192.2,304.7,41.4,33.5,54.6,945.7,3.4,83.9,728.9,129.5,19.1033404,77.24397107,0,22.433333333333334,23.9
296,Matathwada,1963,0.0,6.2,15.5,7.0,13.5,228.4,172.2,380.4,82.8,92.4,2.7,0.0,1001.1,6.2,36.0,863.8,95.1,19.1033404,77.24397107,0,76.13333333333334,214.9
297,Matathwada,1964,0.0,0.2,5.1,1.5,1.3,120.3,246.5,150.7,219.9,20.1,15.0,0.0,780.6,0.2,7.9,737.4,35.1,19.1033404,77.24397107,0,40.1,119.0
298,Matathwada,1965,5.4,1.5,0.0,9.5,0.8,129.3,218.7,180.0,69.4,5.9,0.4,10.4,631.3,6.9,10.3,597.4,16.7,19.1033404,77.24397107,0,43.1,128.5
299,Matathwada,1966,18.9,0.0,10.4,10.5,45.8,63.1,228.6,85.9,191.6,13.0,65.9,13.5,747.2,18.9,66.7,569.2,92.4,19.1033404,77.24397107,0,21.033333333333335,17.300000000000004
300,Matathwada,1967,0.0,0.0,4.0,1.0,5.9,146.0,224.0,104.1,136.0,26.4,0.0,112.4,759.8,0.0,10.9,610.1,138.8,19.1033404,77.24397107,0,48.666666666666664,140.1
301,Matathwada,1968,5.8,23.8,32.2,11.3,0.7,94.2,219.0,63.6,210.6,24.5,26.3,0.3,712.3,29.6,44.2,587.4,51.1,19.1033404,77.24397107,0,31.400000000000002,93.5
302,Matathwada,1969,0.0,0.0,0.2,0.1,2.7,120.8,222.6,148.3,277.1,14.7,38.1,0.0,824.6,0.0,3.0,768.8,52.8,19.1033404,77.24397107,0,40.266666666666666,118.1
303,Matathwada,1970,8.4,0.0,2.8,7.5,30.2,215.1,103.9,344.9,178.1,19.9,0.0,0.0,910.8,8.4,40.5,842.0,19.9,19.1033404,77.24397107,0,71.7,184.9
304,Matathwada,1971,0.2,0.1,1.3,0.1,38.8,83.2,24.3,220.0,131.5,108.4,0.0,0.0,607.9,0.3,40.2,459.0,108.4,19.1033404,77.24397107,0,27.733333333333334,44.400000000000006
305,Matathwada,1972,0.0,0.0,0.0,0.1,3.0,115.1,41.9,85.3,65.3,4.2,28.4,3.8,347.1,0.0,3.1,307.6,36.4,19.1033404,77.24397107,0,38.36666666666667,112.1
306,Matathwada,1973,0.0,0.7,0.0,3.8,0.6,112.3,203.1,334.9,115.6,99.3,1.0,0.0,871.3,0.7,4.4,765.9,100.3,19.1033404,77.24397107,0,37.43333333333333,111.7
307,Matathwada,1974,0.0,0.4,0.4,2.9,36.0,98.4,100.7,123.2,154.4,134.1,0.0,0.0,650.5,0.4,39.3,476.7,134.1,19.1033404,77.24397107,0,32.800000000000004,62.400000000000006
308,Matathwada,1975,2.1,8.3,7.3,0.0,11.3,117.2,249.0,231.7,309.9,113.9,0.1,0.0,1050.8,10.4,18.6,907.8,114.0,19.1033404,77.24397107,0,39.06666666666667,105.9
309,Matathwada,1976,0.0,0.2,3.2,7.4,2.9,92.1,213.0,195.6,63.0,3.8,39.4,2.4,623.0,0.2,13.5,563.7,45.6,19.1033404,77.24397107,0,30.7,89.19999999999999
310,Matathwada,1977,0.0,1.5,6.0,4.6,5.4,126.0,155.4,149.3,116.8,66.4,129.9,6.5,767.8,1.5,16.0,547.5,202.8,19.1033404,77.24397107,0,42.0,120.6
311,Matathwada,1978,5.7,18.8,9.6,12.0,19.1,212.4,215.0,105.3,80.6,70.5,34.6,1.2,784.8,24.5,40.7,613.3,106.3,19.1033404,77.24397107,0,70.8,193.3
312,Matathwada,1979,3.4,11.8,5.6,1.4,18.1,125.5,163.1,132.9,236.5,17.7,90.6,0.8,807.4,15.2,25.1,658.0,109.1,19.1033404,77.24397107,0,41.833333333333336,107.4
313,Matathwada,1980,0.1,0.0,4.7,4.6,2.3,223.0,114.4,325.1,113.6,1.1,3.6,20.3,812.8,0.1,11.6,776.1,25.0,19.1033404,77.24397107,0,74.33333333333333,220.7
314,Matathwada,1981,27.3,0.7,11.0,1.6,12.7,100.5,122.3,127.3,285.1,68.7,11.2,18.3,786.7,28.0,25.3,635.2,98.2,19.1033404,77.24397107,0,33.5,87.8
315,Matathwada,1982,10.0,0.6,5.1,7.8,15.9,99.6,170.1,84.8,172.0,43.6,27.0,0.0,636.5,10.6,28.8,526.5,70.6,19.1033404,77.24397107,0,33.199999999999996,83.69999999999999
316,Matathwada,1983,0.0,0.0,0.3,0.3,6.0,96.8,231.9,315.4,422.3,106.8,1.0,6.9,1187.7,0.0,6.6,1066.4,114.7,19.1033404,77.24397107,0,32.266666666666666,90.8
317,Matathwada,1984,3.1,9.5,0.4,0.8,0.0,75.7,168.5,59.8,120.1,106.2,5.4,3.3,552.8,12.6,1.2,424.1,114.9,19.1033404,77.24397107,0,25.233333333333334,75.7
318,Matathwada,1985,7.1,0.0,6.2,10.5,7.6,160.8,148.9,63.9,82.3,86.0,0.7,1.5,575.5,7.1,24.3,455.9,88.2,19.1033404,77.24397107,0,53.6,153.20000000000002
319,Matathwada,1986,9.6,9.6,1.3,2.7,7.3,132.3,140.2,127.1,104.0,6.6,10.1,12.1,562.9,19.2,11.3,503.6,28.8,19.1033404,77.24397107,0,44.1,125.00000000000001
320,Matathwada,1987,7.9,3.6,0.8,2.0,20.9,155.1,132.0,220.2,46.1,145.7,41.1,10.8,786.2,11.5,23.7,553.4,197.6,19.1033404,77.24397107,0,51.699999999999996,134.2
321,Matathwada,1988,0.0,0.0,0.2,7.2,4.2,169.7,301.6,245.4,411.9,18.5,7.7,3.5,1169.9,0.0,11.6,1128.6,29.7,19.1033404,77.24397107,0,56.56666666666666,165.5
322,Matathwada,1989,0.0,0.0,42.3,2.8,6.4,237.9,336.2,245.7,170.0,17.6,0.5,9.0,1068.4,0.0,51.5,989.8,27.1,19.1033404,77.24397107,0,79.3,231.5
323,Matathwada,1990,2.9,0.0,0.0,0.0,142.1,221.0,131.0,365.9,104.2,223.1,5.0,2.9,1198.1,2.9,142.1,822.1,231.0,19.1033404,77.24397107,0,73.66666666666667,78.9
324,Matathwada,1991,0.3,0.4,0.4,9.8,9.4,250.1,222.4,49.7,38.5,9.1,10.9,0.0,601.0,0.7,19.6,560.7,20.0,19.1033404,77.24397107,0,83.36666666666666,240.7
325,Matathwada,1992,0.0,0.0,0.0,3.5,6.7,217.9,79.4,203.0,140.4,52.2,23.5,0.0,726.6,0.0,10.2,640.7,75.7,19.1033404,77.24397107,0,72.63333333333334,211.20000000000002
326,Matathwada,1993,0.0,1.0,5.6,1.7,9.1,87.5,216.3,166.2,121.8,136.3,5.8,55.1,806.4,1.0,16.4,591.8,197.2,19.1033404,77.24397107,0,29.166666666666668,78.4
327,Matathwada,1994,3.2,0.1,0.0,14.9,14.3,110.6,117.1,162.8,63.4,64.3,32.9,0.0,583.6,3.3,29.2,453.9,97.2,19.1033404,77.24397107,0,36.86666666666667,96.3
328,Matathwada,1995,46.9,0.2,23.6,11.4,17.6,135.5,186.0,96.0,137.9,153.2,1.2,0.0,809.5,47.1,52.6,555.4,154.4,19.1033404,77.24397107,0,45.166666666666664,117.9
329,Matathwada,1996,0.1,0.0,0.3,10.6,1.6,55.8,186.6,246.4,229.8,118.9,4.4,0.4,854.9,0.1,12.5,718.6,123.7,19.1033404,77.24397107,0,18.599999999999998,54.199999999999996
330,Matathwada,1997,7.7,1.1,8.3,14.3,8.0,75.8,131.0,121.1,163.4,106.8,98.6,54.3,790.4,8.8,30.6,491.3,259.7,19.1033404,77.24397107,0,25.266666666666666,67.8
331,Matathwada,1998,0.1,0.3,3.4,1.7,8.7,189.8,255.1,249.9,235.8,150.3,31.6,0.0,1126.7,0.4,13.8,930.6,181.9,19.1033404,77.24397107,0,63.26666666666667,181.10000000000002
332,Matathwada,1999,0.0,6.0,0.1,0.0,17.9,141.5,133.3,133.4,215.4,119.9,0.0,0.0,767.5,6.0,18.0,623.6,119.9,19.1033404,77.24397107,0,47.166666666666664,123.6
333,Matathwada,2000,0.4,3.8,0.5,0.4,16.3,188.3,157.3,239.5,44.8,30.8,0.7,1.7,684.5,4.2,17.2,629.9,33.2,19.1033404,77.24397107,0,62.76666666666667,172.0
334,Matathwada,2001,4.8,0.5,0.5,9.9,0.7,148.7,56.7,255.8,83.5,170.5,0.8,0.0,732.4,5.3,11.1,544.7,171.3,19.1033404,77.24397107,0,49.56666666666666,148.0
335,Matathwada,2002,5.5,4.1,0.7,6.1,8.5,241.8,58.2,223.6,122.4,46.4,4.8,0.0,722.1,9.6,15.3,646.0,51.2,19.1033404,77.24397107,0,80.60000000000001,233.3
336,Matathwada,2003,2.1,1.3,2.3,4.9,28.5,117.6,255.9,183.9,95.7,22.1,4.9,0.8,720.0,3.4,35.7,653.1,27.8,19.1033404,77.24397107,0,39.199999999999996,89.1
337,Matathwada,2004,1.2,0.4,5.5,1.9,30.4,100.0,201.7,75.0,177.2,58.1,27.2,0.0,678.6,1.6,37.8,553.9,85.3,19.1033404,77.24397107,0,33.333333333333336,69.6
338,Matathwada,2005,13.2,0.7,11.6,1.6,2.1,59.7,413.5,124.1,213.5,100.5,0.0,0.0,940.5,13.9,15.3,810.8,100.5,19.1033404,77.24397107,0,19.900000000000002,57.6
339,Matathwada,2006,0.0,0.0,30.7,1.6,26.7,134.7,116.2,301.3,209.4,47.7,4.6,0.0,872.9,0.0,59.0,761.6,52.3,19.1033404,77.24397107,0,44.9,107.99999999999999
340,Matathwada,2007,0.0,0.0,0.1,0.7,10.0,185.4,123.1,146.2,240.7,0.9,7.5,0.0,714.6,0.0,10.8,695.4,8.4,19.1033404,77.24397107,0,61.800000000000004,175.4
341,Matathwada,2008,0.1,0.1,14.6,3.7,1.8,66.7,106.5,150.8,267.8,33.8,0.3,0.1,646.3,0.2,20.1,591.8,34.2,19.1033404,77.24397107,0,22.233333333333334,64.9
342,Matathwada,2009,0.0,0.0,0.6,0.8,7.0,63.1,139.2,167.6,159.9,59.0,63.3,8.4,668.9,0.0,8.4,529.8,130.7,19.1033404,77.24397107,0,21.033333333333335,56.1
343,Matathwada,2010,4.3,5.8,3.9,0.7,4.6,119.7,329.5,291.4,157.3,57.7,36.8,0.0,1011.7,10.1,9.2,897.9,94.5,19.1033404,77.24397107,0,39.9,115.10000000000001
344,Matathwada,2011,0.0,3.8,0.7,3.5,3.1,79.2,230.1,228.5,90.0,24.8,0.0,0.0,663.7,3.8,7.3,627.8,24.8,19.1033404,77.24397107,0,26.400000000000002,76.10000000000001
345,Matathwada,2012,0.0,0.0,0.0,0.6,2.3,72.2,161.1,101.4,120.0,68.8,0.3,0.0,526.7,0.0,2.9,454.7,69.1,19.1033404,77.24397107,0,24.066666666666666,69.9
346,Matathwada,2013,1.5,9.4,2.6,7.9,6.4,160.9,293.4,136.9,154.1,94.3,7.4,13.1,887.9,10.9,16.9,745.3,114.8,19.1033404,77.24397107,0,53.63333333333333,154.5
347,Matathwada,2014,1.4,13.4,79.0,11.9,7.0,30.4,105.0,178.9,84.5,14.2,19.9,3.3,548.9,14.8,97.9,398.8,37.4,19.1033404,77.24397107,0,10.133333333333333,23.4
348,Matathwada,2015,10.1,1.6,32.0,39.6,12.3,118.3,27.4,112.2,154.3,19.5,4.8,0.0,532.1,11.7,83.9,412.2,24.3,19.1033404,77.24397107,0,39.43333333333333,106.0
349,Matathwada,2016,0.0,3.1,10.8,3.0,6.3,157.3,276.1,89.2,302.3,100.8,0.0,0.2,949.1,3.1,20.1,824.9,101.0,19.1033404,77.24397107,0,52.43333333333334,151.0
350,Matathwada,2017,0.0,0.0,4.7,0.0,3.3,182.3,82.5,230.4,146.9,100.4,2.4,2.7,755.6,0.0,8.0,642.1,105.5,19.1033404,77.24397107,0,60.76666666666667,179.0
351,Vidarbha,1901,36.8,39.9,30.9,26.1,7.3,129.7,295.3,368.8,123.4,35.2,0.0,0.0,1093.4,76.7,64.3,917.2,35.2,20.85850732,79.27644168,0,43.23333333333333,122.39999999999999
352,Vidarbha,1902,1.6,0.1,0.0,6.5,4.1,38.0,270.7,204.7,150.9,29.6,16.1,26.7,749.0,1.7,10.6,664.3,72.4,20.85850732,79.27644168,0,12.666666666666666,33.9
353,Vidarbha,1903,5.2,4.0,0.1,2.5,37.8,121.2,475.5,325.5,154.8,100.8,2.0,0.0,1229.4,9.2,40.4,1077.0,102.8,20.85850732,79.27644168,0,40.4,83.4
354,Vidarbha,1904,4.3,2.4,12.9,0.2,14.8,148.9,158.3,151.8,196.9,61.7,0.0,0.9,753.1,6.7,27.9,655.9,62.6,20.85850732,79.27644168,0,49.63333333333333,134.1
355,Vidarbha,1905,7.3,12.7,12.4,16.2,14.0,81.0,254.5,216.3,321.3,6.0,0.2,0.0,941.9,20.0,42.6,873.1,6.2,20.85850732,79.27644168,0,27.0,67.0
356,Vidarbha,1906,12.9,3.3,11.9,0.2,6.1,328.1,350.4,325.8,113.3,6.9,14.3,18.1,1191.3,16.2,18.2,1117.6,39.3,20.85850732,79.27644168,0,109.36666666666667,322.0
357,Vidarbha,1907,3.6,52.9,3.7,45.3,1.6,181.4,309.7,332.6,59.7,0.2,15.7,4.3,1010.7,56.5,50.6,883.4,20.2,20.85850732,79.27644168,0,60.46666666666667,179.8
358,Vidarbha,1908,4.1,15.5,13.5,5.7,1.5,232.0,355.2,398.4,205.9,7.8,0.0,3.9,1243.5,19.6,20.7,1191.5,11.7,20.85850732,79.27644168,0,77.33333333333333,230.5
359,Vidarbha,1909,1.3,10.0,4.8,31.5,17.9,157.1,405.0,176.0,160.3,7.3,0.0,90.6,1061.8,11.3,54.2,898.4,97.9,20.85850732,79.27644168,0,52.36666666666667,139.2
360,Vidarbha,1910,0.0,0.0,0.0,0.1,10.0,289.1,297.4,278.7,300.3,57.7,60.8,0.0,1294.1,0.0,10.1,1165.5,118.5,20.85850732,79.27644168,0,96.36666666666667,279.1
361,Vidarbha,1911,18.2,0.0,2.2,0.0,2.6,218.0,205.9,292.3,176.1,27.5,39.9,0.0,982.7,18.2,4.8,892.3,67.4,20.85850732,79.27644168,0,72.66666666666667,215.4
362,Vidarbha,1912,0.6,49.3,0.2,6.1,7.2,54.2,364.5,391.9,117.0,6.9,15.6,0.5,1014.0,49.9,13.5,927.6,23.0,20.85850732,79.27644168,0,18.066666666666666,47.0
363,Vidarbha,1913,0.0,24.9,4.0,1.8,17.2,199.8,378.3,244.3,137.2,17.4,0.3,27.4,1052.6,24.9,23.0,959.6,45.1,20.85850732,79.27644168,0,66.60000000000001,182.60000000000002
364,Vidarbha,1914,0.0,13.4,12.8,39.1,15.9,239.5,341.2,245.6,266.6,6.1,5.7,13.1,1199.0,13.4,67.8,1092.9,24.9,20.85850732,79.27644168,0,79.83333333333333,223.6
365,Vidarbha,1915,33.3,9.1,65.9,18.9,13.1,190.2,311.0,229.6,195.2,111.0,7.4,15.0,1199.7,42.4,97.9,926.0,133.4,20.85850732,79.27644168,0,63.4,177.1
366,Vidarbha,1916,0.0,14.4,0.8,2.2,21.7,257.0,345.3,306.2,253.1,124.1,37.4,0.0,1362.2,14.4,24.7,1161.6,161.5,20.85850732,79.27644168,0,85.66666666666667,235.3
367,Vidarbha,1917,0.9,78.5,20.6,11.5,48.9,234.9,350.1,200.3,328.5,120.9,1.7,0.0,1396.8,79.4,81.0,1113.8,122.6,20.85850732,79.27644168,0,78.3,186.0
368,Vidarbha,1918,2.5,2.9,3.1,0.2,83.1,278.3,168.0,174.5,55.5,3.4,16.8,13.2,801.5,5.4,86.4,676.3,33.4,20.85850732,79.27644168,0,92.76666666666667,195.20000000000002
369,Vidarbha,1919,55.8,37.0,15.9,6.3,19.9,325.6,280.3,249.8,103.6,98.0,19.3,1.1,1212.6,92.8,42.1,959.3,118.4,20.85850732,79.27644168,0,108.53333333333335,305.70000000000005
370,Vidarbha,1920,26.7,0.3,5.2,6.2,4.8,101.8,237.8,111.7,83.3,0.5,0.0,0.0,578.3,27.0,16.2,534.6,0.5,20.85850732,79.27644168,0,33.93333333333333,97.0
371,Vidarbha,1921,20.3,0.1,0.0,2.6,0.0,283.9,293.0,292.0,182.3,11.3,0.2,0.0,1085.7,20.4,2.6,1051.2,11.5,20.85850732,79.27644168,0,94.63333333333333,283.9
372,Vidarbha,1922,33.8,2.3,0.0,3.8,5.1,206.1,361.7,116.5,295.3,4.7,80.3,0.3,1109.9,36.1,8.9,979.6,85.3,20.85850732,79.27644168,0,68.7,201.0
373,Vidarbha,1923,1.0,6.7,30.6,3.4,2.3,21.4,402.9,201.1,260.1,11.0,0.1,0.7,941.3,7.7,36.3,885.5,11.8,20.85850732,79.27644168,0,7.133333333333333,19.099999999999998
374,Vidarbha,1924,21.3,0.5,4.4,6.2,3.2,43.8,308.3,220.6,217.3,126.9,33.6,8.1,994.2,21.8,13.8,790.0,168.6,20.85850732,79.27644168,0,14.6,40.599999999999994
375,Vidarbha,1925,0.0,0.0,7.3,5.4,28.0,130.3,293.9,307.2,77.4,21.8,61.5,8.4,941.2,0.0,40.7,808.8,91.7,20.85850732,79.27644168,0,43.43333333333334,102.30000000000001
376,Vidarbha,1926,59.5,5.7,23.7,15.1,34.4,31.8,330.6,420.0,109.9,38.7,1.3,0.6,1071.3,65.2,73.2,892.3,40.6,20.85850732,79.27644168,0,10.6,2.599999999999998
377,Vidarbha,1927,0.7,10.0,12.2,2.0,2.2,280.2,414.7,220.1,97.7,51.5,70.4,5.7,1167.4,10.7,16.4,1012.7,127.6,20.85850732,79.27644168,0,93.39999999999999,278.0
378,Vidarbha,1928,0.2,43.1,5.9,0.2,2.2,177.8,296.2,185.2,180.1,108.5,0.1,17.8,1017.3,43.3,8.3,839.3,126.4,20.85850732,79.27644168,0,59.26666666666667,175.60000000000002
379,Vidarbha,1929,3.8,52.6,0.7,11.8,0.7,170.9,263.5,157.4,193.1,28.2,0.0,29.8,912.5,56.4,13.2,784.9,58.0,20.85850732,79.27644168,0,56.96666666666667,170.20000000000002
380,Vidarbha,1930,0.0,5.3,1.2,27.4,4.4,181.3,252.9,194.4,233.2,44.8,36.3,1.9,983.1,5.3,33.0,861.8,83.0,20.85850732,79.27644168,0,60.43333333333334,176.9
381,Vidarbha,1931,4.0,4.6,11.6,5.6,3.1,103.3,380.6,390.7,232.9,225.1,40.2,2.4,1404.1,8.6,20.3,1107.5,267.7,20.85850732,79.27644168,0,34.43333333333333,100.2
382,Vidarbha,1932,0.0,27.4,12.9,3.4,10.3,154.2,526.6,176.7,183.8,25.6,9.7,0.0,1130.6,27.4,26.6,1041.3,35.3,20.85850732,79.27644168,0,51.4,143.89999999999998
383,Vidarbha,1933,4.8,38.3,9.1,20.5,64.6,244.6,353.7,365.4,301.7,75.1,8.4,16.0,1502.2,43.1,94.2,1265.4,99.5,20.85850732,79.27644168,0,81.53333333333333,180.0
384,Vidarbha,1934,2.2,0.0,0.3,8.5,0.3,169.1,335.1,390.9,254.4,10.8,46.6,0.1,1218.3,2.2,9.1,1149.5,57.5,20.85850732,79.27644168,0,56.36666666666667,168.79999999999998
385,Vidarbha,1935,14.5,4.6,0.7,26.0,1.0,151.8,528.1,164.8,250.4,13.4,0.4,2.3,1158.0,19.1,27.7,1095.1,16.1,20.85850732,79.27644168,0,50.6,150.8
386,Vidarbha,1936,17.6,60.3,21.6,4.8,30.5,377.5,285.3,308.3,188.8,61.9,90.9,3.5,1451.0,77.9,56.9,1159.9,156.3,20.85850732,79.27644168,0,125.83333333333333,347.0
387,Vidarbha,1937,0.0,33.1,42.4,112.7,1.5,135.6,476.2,177.2,226.0,105.7,0.4,8.4,1319.2,33.1,156.6,1015.0,114.5,20.85850732,79.27644168,0,45.199999999999996,134.1
388,Vidarbha,1938,4.0,12.4,9.7,6.5,26.2,354.0,425.6,314.1,181.6,126.8,0.0,0.0,1460.9,16.4,42.4,1275.3,126.8,20.85850732,79.27644168,0,118.0,327.8
389,Vidarbha,1939,1.3,1.9,34.2,12.2,0.1,116.1,224.2,385.4,66.5,33.5,6.0,0.4,881.8,3.2,46.5,792.2,39.9,20.85850732,79.27644168,0,38.699999999999996,116.0
390,Vidarbha,1940,0.0,9.3,1.3,12.8,11.5,262.7,591.0,298.6,53.6,79.0,24.3,13.4,1357.5,9.3,25.6,1205.9,116.7,20.85850732,79.27644168,0,87.56666666666666,251.2
391,Vidarbha,1941,9.6,15.2,13.5,3.1,4.8,142.3,338.8,182.4,112.8,6.5,0.0,0.0,829.0,24.8,21.4,776.3,6.5,20.85850732,79.27644168,0,47.43333333333334,137.5
392,Vidarbha,1942,2.4,84.9,0.0,12.9,1.9,179.4,508.3,366.5,159.2,4.9,0.0,21.2,1341.6,87.3,14.8,1213.4,26.1,20.85850732,79.27644168,0,59.800000000000004,177.5
393,Vidarbha,1943,55.0,0.1,0.4,7.2,28.3,141.9,275.1,149.2,277.5,83.4,0.1,0.0,1018.2,55.1,35.9,843.7,83.5,20.85850732,79.27644168,0,47.300000000000004,113.60000000000001
394,Vidarbha,1944,4.5,59.4,64.8,1.6,2.7,96.6,470.4,370.6,213.2,67.4,16.5,0.0,1367.7,63.9,69.1,1150.8,83.9,20.85850732,79.27644168,0,32.199999999999996,93.89999999999999
395,Vidarbha,1945,13.8,0.4,0.0,24.6,3.3,147.0,404.7,299.6,274.2,30.3,0.6,1.1,1199.6,14.2,27.9,1125.5,32.0,20.85850732,79.27644168,0,49.0,143.7
396,Vidarbha,1946,0.0,14.2,0.7,15.5,9.7,237.0,376.9,292.4,107.4,8.6,97.6,13.0,1173.0,14.2,25.9,1013.7,119.2,20.85850732,79.27644168,0,79.0,227.3
397,Vidarbha,1947,35.0,26.7,23.7,7.8,5.3,112.1,406.0,345.8,167.8,25.9,0.3,11.8,1168.2,61.7,36.8,1031.7,38.0,20.85850732,79.27644168,0,37.36666666666667,106.8
398,Vidarbha,1948,48.9,9.4,7.0,3.9,4.5,125.1,374.1,267.8,201.1,14.4,126.5,0.0,1182.7,58.3,15.4,968.1,140.9,20.85850732,79.27644168,0,41.699999999999996,120.6
399,Vidarbha,1949,1.2,1.5,1.0,5.6,28.8,222.7,412.9,266.2,323.5,134.8,0.0,0.1,1398.3,2.7,35.4,1225.3,134.9,20.85850732,79.27644168,0,74.23333333333333,193.89999999999998
400,Vidarbha,1950,0.1,27.3,14.9,0.7,5.6,84.6,375.0,143.7,116.3,13.3,0.3,11.9,793.7,27.4,21.2,719.6,25.5,20.85850732,79.27644168,0,28.2,79.0
401,Vidarbha,1951,4.6,0.6,41.9,14.6,11.1,136.8,348.8,318.6,123.1,81.5,0.6,0.0,1082.2,5.2,67.6,927.3,82.1,20.85850732,79.27644168,0,45.6,125.70000000000002
402,Vidarbha,1952,0.0,10.6,4.2,10.8,2.5,98.0,235.1,266.5,146.0,33.6,0.0,0.5,807.8,10.6,17.5,745.6,34.1,20.85850732,79.27644168,0,32.666666666666664,95.5
403,Vidarbha,1953,3.9,1.1,0.0,21.4,0.2,138.2,299.4,449.9,173.0,50.7,0.0,0.0,1137.8,5.0,21.6,1060.5,50.7,20.85850732,79.27644168,0,46.06666666666666,138.0
404,Vidarbha,1954,0.3,0.6,11.4,4.0,1.1,132.4,407.9,248.8,288.3,4.6,0.9,0.1,1100.4,0.9,16.5,1077.4,5.6,20.85850732,79.27644168,0,44.13333333333333,131.3
405,Vidarbha,1955,15.5,0.3,2.3,6.8,5.0,274.7,278.4,371.8,244.6,169.1,0.2,0.0,1368.7,15.8,14.1,1169.5,169.3,20.85850732,79.27644168,0,91.56666666666666,269.7
406,Vidarbha,1956,1.3,1.9,0.8,0.5,52.8,248.7,370.5,163.4,198.0,40.1,37.3,9.3,1124.6,3.2,54.1,980.6,86.7,20.85850732,79.27644168,0,82.89999999999999,195.89999999999998
407,Vidarbha,1957,8.6,2.5,44.4,31.6,15.5,148.5,303.8,354.2,133.4,27.5,1.0,0.0,1071.0,11.1,91.5,939.9,28.5,20.85850732,79.27644168,0,49.5,133.0
408,Vidarbha,1958,5.7,2.0,20.4,10.5,10.4,102.7,341.5,354.0,220.3,68.0,36.5,0.1,1172.1,7.7,41.3,1018.5,104.6,20.85850732,79.27644168,0,34.233333333333334,92.3
409,Vidarbha,1959,13.6,1.2,0.4,11.8,6.2,178.0,467.9,377.3,469.9,79.4,0.5,0.1,1606.3,14.8,18.4,1493.1,80.0,20.85850732,79.27644168,0,59.333333333333336,171.8
410,Vidarbha,1960,38.8,0.0,41.0,6.7,8.2,195.2,378.5,199.9,114.8,78.5,1.1,2.4,1065.1,38.8,55.9,888.4,82.0,20.85850732,79.27644168,0,65.06666666666666,187.0
411,Vidarbha,1961,1.1,5.7,4.5,5.3,21.4,152.7,372.6,401.6,326.2,143.3,2.9,3.4,1440.7,6.8,31.2,1253.1,149.6,20.85850732,79.27644168,0,50.9,131.29999999999998
412,Vidarbha,1962,5.6,4.6,18.4,33.1,21.7,67.1,364.3,267.3,267.2,8.3,30.5,64.5,1152.6,10.2,73.2,965.9,103.3,20.85850732,79.27644168,0,22.366666666666664,45.39999999999999
413,Vidarbha,1963,0.3,10.5,12.9,14.8,19.5,204.0,282.1,397.9,123.9,80.1,1.7,0.0,1147.7,10.8,47.2,1007.9,81.8,20.85850732,79.27644168,0,68.0,184.5
414,Vidarbha,1964,0.0,2.0,3.0,1.3,0.6,166.0,259.5,357.9,176.8,40.8,2.3,0.6,1010.8,2.0,4.9,960.2,43.7,20.85850732,79.27644168,0,55.333333333333336,165.4
415,Vidarbha,1965,18.7,4.9,4.9,15.5,1.6,113.6,262.0,181.0,139.6,1.3,0.0,0.5,743.6,23.6,22.0,696.2,1.8,20.85850732,79.27644168,0,37.86666666666667,112.0
416,Vidarbha,1966,16.1,1.1,10.5,7.9,30.7,84.8,387.5,206.5,191.4,4.6,34.9,26.8,1002.8,17.2,49.1,870.2,66.3,20.85850732,79.27644168,0,28.266666666666666,54.099999999999994
417,Vidarbha,1967,0.5,0.0,50.0,7.4,1.6,184.6,406.8,244.8,101.6,8.0,1.1,121.8,1128.2,0.5,59.0,937.8,130.9,20.85850732,79.27644168,0,61.53333333333333,183.0
418,Vidarbha,1968,14.6,23.9,36.6,15.4,0.7,104.8,291.4,210.5,193.0,23.0,4.7,4.3,922.9,38.5,52.7,799.7,32.0,20.85850732,79.27644168,0,34.93333333333333,104.1
419,Vidarbha,1969,1.5,0.0,0.6,4.0,9.6,98.6,371.0,200.0,281.5,5.4,19.4,1.3,992.9,1.5,14.2,951.1,26.1,20.85850732,79.27644168,0,32.86666666666667,89.0
420,Vidarbha,1970,15.9,1.0,18.3,4.2,17.5,304.1,211.0,435.6,223.3,9.6,0.0,0.0,1240.5,16.9,40.0,1174.0,9.6,20.85850732,79.27644168,0,101.36666666666667,286.6
421,Vidarbha,1971,3.7,12.8,21.2,12.4,26.7,193.6,124.3,259.2,119.5,108.9,0.0,0.0,882.3,16.5,60.3,696.6,108.9,20.85850732,79.27644168,0,64.53333333333333,166.9
422,Vidarbha,1972,0.0,1.1,0.0,3.8,3.4,139.8,197.7,280.8,60.7,20.9,28.5,4.2,740.9,1.1,7.2,679.0,53.6,20.85850732,79.27644168,0,46.6,136.4
423,Vidarbha,1973,1.7,5.0,0.3,2.3,1.5,75.1,428.5,346.4,136.4,163.4,1.4,0.5,1162.5,6.7,4.1,986.4,165.3,20.85850732,79.27644168,0,25.03333333333333,73.6
424,Vidarbha,1974,0.0,4.8,1.2,0.5,12.6,93.2,211.0,281.4,68.1,162.6,5.4,0.0,840.8,4.8,14.3,653.7,168.0,20.85850732,79.27644168,0,31.066666666666666,80.60000000000001
425,Vidarbha,1975,3.5,22.4,7.0,1.1,6.4,264.3,321.3,316.0,288.9,92.8,0.3,0.0,1324.0,25.9,14.5,1190.5,93.1,20.85850732,79.27644168,0,88.10000000000001,257.90000000000003
426,Vidarbha,1976,2.1,0.1,4.7,11.5,4.6,90.8,386.0,260.7,174.7,0.9,38.5,0.2,974.8,2.2,20.8,912.2,39.6,20.85850732,79.27644168,0,30.266666666666666,86.2
427,Vidarbha,1977,0.0,2.1,3.7,8.9,15.0,169.7,283.9,340.8,131.7,37.8,71.2,3.2,1068.0,2.1,27.6,926.1,112.2,20.85850732,79.27644168,0,56.56666666666666,154.7
428,Vidarbha,1978,13.3,24.4,18.6,10.1,1.9,228.0,399.3,430.0,46.2,16.4,20.7,40.5,1249.4,37.7,30.6,1103.5,77.6,20.85850732,79.27644168,0,76.0,226.1
429,Vidarbha,1979,30.4,59.7,1.7,0.5,12.9,245.6,218.2,323.2,143.3,6.3,34.9,10.6,1087.3,90.1,15.1,930.3,51.8,20.85850732,79.27644168,0,81.86666666666666,232.7
430,Vidarbha,1980,15.3,3.2,1.0,2.9,0.5,253.6,246.3,361.8,131.4,2.0,0.4,24.1,1042.5,18.5,4.4,993.1,26.5,20.85850732,79.27644168,0,84.53333333333333,253.1
431,Vidarbha,1981,20.2,0.9,25.4,3.6,12.6,173.1,302.5,352.6,294.5,17.6,1.8,13.8,1218.6,21.1,41.6,1122.7,33.2,20.85850732,79.27644168,0,57.699999999999996,160.5
432,Vidarbha,1982,45.7,10.6,6.0,5.2,15.3,100.6,256.4,206.8,144.2,49.2,16.1,0.0,856.1,56.3,26.5,708.0,65.3,20.85850732,79.27644168,0,33.53333333333333,85.3
433,Vidarbha,1983,1.6,7.4,1.9,1.5,6.7,156.4,327.9,376.7,289.8,58.4,0.0,12.2,1240.5,9.0,10.1,1150.8,70.6,20.85850732,79.27644168,0,52.13333333333333,149.70000000000002
434,Vidarbha,1984,26.9,18.6,0.4,3.2,0.4,105.6,258.6,271.0,48.7,76.6,0.0,0.6,810.6,45.5,4.0,683.9,77.2,20.85850732,79.27644168,0,35.199999999999996,105.19999999999999
435,Vidarbha,1985,22.5,1.1,1.0,7.3,9.7,196.8,271.7,181.9,61.9,120.4,0.0,2.6,876.9,23.6,18.0,712.3,123.0,20.85850732,79.27644168,0,65.60000000000001,187.10000000000002
436,Vidarbha,1986,11.7,40.5,6.4,4.2,6.5,232.8,353.4,382.2,61.2,12.7,17.2,28.3,1157.1,52.2,17.1,1029.6,58.2,20.85850732,79.27644168,0,77.60000000000001,226.3
437,Vidarbha,1987,24.3,6.1,7.5,0.7,9.8,117.0,204.7,283.7,37.7,72.1,55.4,3.6,822.6,30.4,18.0,643.1,131.1,20.85850732,79.27644168,0,39.0,107.2
438,Vidarbha,1988,0.7,7.9,3.8,12.5,4.2,186.8,485.0,286.6,230.1,86.4,4.3,0.3,1308.6,8.6,20.5,1188.5,91.0,20.85850732,79.27644168,0,62.26666666666667,182.60000000000002
439,Vidarbha,1989,0.0,0.0,23.6,0.1,2.0,236.5,240.6,330.1,118.0,15.2,1.6,30.1,997.8,0.0,25.7,925.2,46.9,20.85850732,79.27644168,0,78.83333333333333,234.5
440,Vidarbha,1990,3.5,6.8,8.6,3.9,71.3,303.2,326.3,507.3,121.5,143.7,1.6,7.1,1504.8,10.3,83.8,1258.3,152.4,20.85850732,79.27644168,0,101.06666666666666,231.89999999999998
441,Vidarbha,1991,6.3,1.6,4.6,4.7,3.0,168.9,348.0,255.4,23.0,9.6,12.1,1.5,838.7,7.9,12.3,795.3,23.2,20.85850732,79.27644168,0,56.300000000000004,165.9
442,Vidarbha,1992,0.2,0.5,0.4,2.9,5.7,167.9,241.3,565.5,116.1,35.9,12.4,0.0,1148.8,0.7,9.0,1090.8,48.3,20.85850732,79.27644168,0,55.96666666666667,162.20000000000002
443,Vidarbha,1993,0.5,3.6,17.9,2.8,5.0,145.8,365.6,222.0,171.3,77.7,0.5,10.4,1023.1,4.1,25.7,904.7,88.6,20.85850732,79.27644168,0,48.6,140.8
444,Vidarbha,1994,10.0,9.8,0.1,9.6,2.2,228.6,508.2,343.3,225.4,83.3,6.2,0.4,1427.1,19.8,11.9,1305.5,89.9,20.85850732,79.27644168,0,76.2,226.4
445,Vidarbha,1995,49.8,5.5,45.4,8.8,8.0,156.1,335.8,165.9,201.3,100.5,0.1,0.3,1077.5,55.3,62.2,859.1,100.9,20.85850732,79.27644168,0,52.03333333333333,148.1
446,Vidarbha,1996,2.2,3.7,3.6,9.3,0.7,64.4,266.0,261.1,149.8,92.2,1.9,0.0,854.9,5.9,13.6,741.3,94.1,20.85850732,79.27644168,0,21.46666666666667,63.7
447,Vidarbha,1997,16.3,0.0,2.5,18.4,8.4,108.0,248.4,265.8,145.7,77.4,69.9,78.5,1039.3,16.3,29.3,767.9,225.8,20.85850732,79.27644168,0,36.0,99.6
448,Vidarbha,1998,12.8,14.7,16.2,8.3,10.6,127.5,274.0,234.2,247.4,53.9,62.2,0.0,1061.8,27.5,35.1,883.1,116.1,20.85850732,79.27644168,0,42.5,116.9
449,Vidarbha,1999,0.2,20.9,0.2,0.0,33.3,228.8,234.0,294.1,248.0,105.5,0.0,0.0,1165.0,21.1,33.5,1004.9,105.5,20.85850732,79.27644168,0,76.26666666666667,195.5
450,Vidarbha,2000,0.1,16.4,0.1,0.1,28.8,235.9,472.1,286.2,54.0,11.0,0.0,0.5,1105.2,16.5,29.0,1048.2,11.5,20.85850732,79.27644168,0,78.63333333333334,207.1
451,Vidarbha,2001,8.9,0.1,15.2,18.3,7.9,338.6,202.0,359.8,37.4,129.2,4.7,0.0,1122.1,9.0,41.4,937.8,133.9,20.85850732,79.27644168,0,112.86666666666667,330.70000000000005
452,Vidarbha,2002,2.4,4.0,1.1,2.9,8.2,301.1,88.1,352.5,128.6,35.2,1.9,0.1,926.1,6.4,12.2,870.3,37.2,20.85850732,79.27644168,0,100.36666666666667,292.90000000000003
453,Vidarbha,2003,0.0,4.4,3.6,2.7,3.0,140.2,401.0,280.9,138.0,42.6,0.8,1.3,1018.5,4.4,9.3,960.1,44.7,20.85850732,79.27644168,0,46.73333333333333,137.2
454,Vidarbha,2004,10.3,5.5,0.6,3.5,12.2,137.9,217.7,223.1,86.3,27.7,6.9,0.2,731.9,15.8,16.3,665.0,34.8,20.85850732,79.27644168,0,45.96666666666667,125.7
455,Vidarbha,2005,74.9,7.0,7.2,1.9,2.6,144.4,393.2,249.2,246.8,87.2,0.0,0.2,1214.6,81.9,11.7,1033.6,87.4,20.85850732,79.27644168,0,48.13333333333333,141.8
456,Vidarbha,2006,0.0,0.0,50.6,16.2,20.9,115.0,360.8,421.4,175.8,43.7,11.1,0.0,1215.5,0.0,87.7,1073.0,54.8,20.85850732,79.27644168,0,38.333333333333336,94.1
457,Vidarbha,2007,0.1,1.3,1.4,3.2,1.2,256.7,349.1,282.4,241.8,27.3,2.5,0.0,1167.0,1.4,5.8,1130.0,29.8,20.85850732,79.27644168,0,85.56666666666666,255.5
458,Vidarbha,2008,0.2,1.9,19.2,2.8,2.9,137.9,261.5,254.0,160.8,22.4,2.9,0.1,866.6,2.1,24.9,814.2,25.4,20.85850732,79.27644168,0,45.96666666666667,135.0
459,Vidarbha,2009,0.1,0.0,0.9,2.4,5.9,78.1,310.8,175.4,90.3,41.9,63.8,1.2,770.8,0.1,9.2,654.6,106.9,20.85850732,79.27644168,0,26.03333333333333,72.19999999999999
460,Vidarbha,2010,14.0,1.9,7.5,0.3,1.9,144.8,454.5,384.0,238.0,51.0,37.0,3.2,1338.1,15.9,9.7,1221.3,91.2,20.85850732,79.27644168,0,48.26666666666667,142.9
461,Vidarbha,2011,0.0,1.2,0.1,7.7,0.6,137.9,247.1,302.8,191.0,4.7,0.0,0.0,893.1,1.2,8.4,878.8,4.7,20.85850732,79.27644168,0,45.96666666666667,137.3
462,Vidarbha,2012,3.1,0.1,0.0,0.6,0.2,125.5,370.5,316.2,249.4,34.9,7.3,0.0,1107.8,3.2,0.8,1061.6,42.2,20.85850732,79.27644168,0,41.833333333333336,125.3
463,Vidarbha,2013,6.6,13.0,3.8,2.8,0.5,366.7,535.5,326.1,131.7,133.5,0.0,0.0,1520.2,19.6,7.1,1360.0,133.5,20.85850732,79.27644168,0,122.23333333333333,366.2
464,Vidarbha,2014,1.2,18.3,49.6,2.6,4.0,63.3,337.6,191.7,224.9,17.3,6.2,2.3,919.0,19.5,56.2,817.5,25.8,20.85850732,79.27644168,0,21.099999999999998,59.3
465,Vidarbha,2015,26.3,4.7,66.3,28.1,12.8,254.6,137.2,288.9,167.5,7.0,0.0,0.2,993.6,31.0,107.2,848.2,7.2,20.85850732,79.27644168,0,84.86666666666666,241.79999999999998
466,Vidarbha,2016,0.7,5.2,20.1,5.1,12.4,165.5,490.2,161.8,227.8,75.0,0.0,0.0,1163.8,5.9,37.6,1045.3,75.0,20.85850732,79.27644168,0,55.166666666666664,153.1
467,Vidarbha,2017,0.2,0.0,6.1,0.0,7.3,147.8,252.2,198.3,133.3,57.5,0.3,0.0,803.0,0.2,13.4,731.6,57.8,20.85850732,79.27644168,0,49.26666666666667,140.5
